,index,smiles,toxicity
2,13,C=C(C)C(=O)OCCOC(=O)C(=C)C,0
3,15,O=C([O-])Cc1cccc2ccccc12,1
8,31,CCCC(C)=O,0
9,32,Nc1nc2ccccc2[nH]1,1
10,34,c1ccc(-c2ccccc2)cc1,0
11,37,CCCCNC(=S)NCCCC,1
12,38,CCCCNC(=O)NCCCC,0
13,39,CC(C)N(c1ccccc1)C(C)C,0
15,43,CCCCCCCCCCC=CC1CC(=O)OC1=O,1
17,47,CC/C=C\CCCCO,0
19,51,N#CCCNCCC#N,0
21,58,Cc1nc(C)c(C)nc1C,0
23,60,Cc1cnc(C)c(C)n1,0
24,63,O=[N+]([O-])[O-].O=[N+]([O-])[O-].[Ca+2],0
25,68,CC(C)CCCCCOC(=O)CCS,0
26,69,O=[N+]([O-])c1cc([As](=O)(O)O)ccc1O,0
27,70,CCC(COC(=O)CCS)(COC(=O)CCS)COC(=O)CCS,1
29,76,Cn1c(=O)c2c(ncn2CC2OCCO2)n(C)c1=O,0
32,82,Cc1cc(C(=O)O)ccc1[N+](=O)[O-],0
34,86,NC(=O)c1ccccc1,0
35,89,O=C1C(N(CO)C(=O)NCO)N(CO)C(=O)N1CO,0
39,98,C/C=C/C=C/C=O,1
40,100,C[Si](C)(C)N[Si](C)(C)C,1
44,109,CC(C)N(CCC(C(N)=O)(c1ccccc1)c1ccccn1)C(C)C,0
46,123,CCCCCCCCCCCCCC(=O)OC,0
47,125,CCCCCCC(C)O,0
48,126,CCC[Si](OC)(OC)OC,0
49,127,CC1=C(CC=O)C(C)(C)CCC1,0
50,132,CCCCCNCCCCC,0
51,133,COCC(C)O,1
52,134,c1ccc2c(c1)Oc1ccccc1S2,1
55,139,Clc1cnc(Oc2ccc(Oc3ncc(Cl)cc3Cl)cc2)c(Cl)c1,1
56,141,ClCOCCl,1
57,142,CC(O)CNCC(C)O,0
58,150,CCCCC(CC)CCC(CC(C)C)OS(=O)(=O)[O-],0
60,153,CCCCCCCC(=O)OC,0
61,154,CC(O)COCC(C)O,0
62,157,Cc1ncc[nH]1,1
63,169,CO[Si](C)(C)OC,0
64,173,O=C(O)Cc1c(Cl)ccc(Cl)c1Cl,1
66,177,BrCBr,0
68,181,O.O.O.O.O.O.O=[N+]([O-])[O-].O=[N+]([O-])[O-].[Mg+2],0
69,182,CCCCCCCCCOS(=O)(=O)[O-],1
70,183,O=Cc1ccc(C(=O)O)cc1,1
72,186,O=C1CCCN1,1
73,189,N#CC1(N=NC2(C#N)CCCCC2)CCCCC1,0
75,194,CCCCCCCCNC,0
76,198,Cc1cc(OC(=O)N(C)C)nn1C(=O)N(C)C,0
77,201,CC(O)COc1ccccc1,0
78,202,O=P1(NCCCl)OCCCN1CCCl,0
82,214,OC[C@]1(O)OC[C@@H](O)[C@H](O)[C@@H]1O,0
84,217,C=C1C[C@]23CC[C@@H]4[C@](C)(C(=O)O[C@@H]5O[C@H](CO)[C@@H](O)[C@H](O)[C@H]5O)CCC[C@]4(C)[C@@H]2C[C@@H](O[C@@H]2O[C@H](CO)[C@@H](O)[C@H](O[C@@H]4O[C@H](CO)[C@@H](O)[C@H](O)[C@H]4O)[C@H]2OC2O[C@H](CO)[C@@H](O)[C@H](O)[C@H]2O)[C@@H]1C3,0
85,219,CCCCC(CC)COC(=O)c1ccc(C(=O)OCC(CC)CCCC)c(C(=O)OCC(CC)CCCC)c1,1
86,220,O=c1n(CCO)c(=O)n(CCO)c(=O)n1CCO,1
88,227,CC1=CC(C)(C)Nc2ccccc21,1
89,229,CC(C)CNCC(C)C,0
92,249,NC(=S)NNC(N)=S,0
93,252,O=C(Oc1ccccc1)Oc1ccccc1,0
94,257,CN(C)CCN(Cc1cccs1)c1ccccn1,0
96,262,O=C(O)Cc1ccc(CCNS(=O)(=O)c2ccc(Cl)cc2)cc1,1
97,263,NC(=O)c1cn(Cc2c(F)cccc2F)nn1,0
98,266,CCn1cc[n+](C)c1C.O=S(=O)([O-])C(F)(F)F,1
99,268,CCCCn1cc[n+](C)c1.F[B-](F)(F)F,1
100,276,CCN1CCCC1CNC(=O)c1cc(S(=O)(=O)CC)c(N)cc1OC,0
101,279,CC[N+]1(C)CCCC1.O=S(=O)([O-])C(F)(F)F,0
103,284,CC=CC(=O)CC,0
106,289,c1cnc2c(n1)CCCC2,0
107,290,CCCCc1ccc2cccc(S(=O)(=O)[O-])c2c1,0
108,295,NS(=O)(=O)c1cc2c(cc1Cl)N=CNS2(=O)=O,0
109,301,O=P(Cl)(Cl)Cl,0
110,306,COC(=O)c1ccc(C)cc1,0
111,309,CC(=O)C=Cc1ccccc1,1
113,311,COc1ccc2cc1Oc1cc3c(cc1OC)CC[N+](C)(C)[C@H]3Cc1ccc(cc1)Oc1c(OC)c(OC)cc3c1[C@@H](C2)[N+](C)(C)CC3,0
114,314,CC12CCC(CC1)C(C)(C)O2,1
115,315,C=COCC1CCC(CO)CC1,0
118,323,CC(O)CN,0
122,334,CN(C)CCc1c[nH]c2ccc(CS(=O)(=O)N3CCCC3)cc12,0
125,341,O=C=NCC1CCCC(CN=C=O)C1,0
126,350,NS(=O)(=O)c1ccc(C(=O)O)cc1,0
127,355,COc1ccc(CN(CCN(C)C)c2ccccn2)cc1,1
128,356,CN(C)C(=O)Oc1ccc[n+](C)c1,1
129,357,Cc1ncc(CO)c(CO)c1O,0
130,362,CC(C)(CO)CO,1
132,364,O=[N+]([O-])C(CO)(CO)CO,1
138,373,C[N+](C)=CCl,0
142,378,NCc1cccnc1,0
143,380,Cc1cc(O)cc(C)c1Cl,1
145,386,O=P(O)(OCc1ccccc1)OCc1ccccc1,0
147,390,OCc1ccccc1,0
148,391,CC(=O)OCc1ccccc1,0
149,392,COCCc1ccc(OCC(O)CNC(C)C)cc1.COCCc1ccc(OCC(O)CNC(C)C)cc1,0
150,395,C[NH+](C)CCC(c1ccccc1)c1cccc[nH+]1,1
151,397,CC(C)=CCC[C@H](C)CCO,0
152,400,CC(C)CC(O)CC(C)C,0
153,401,C=C(C)C(=O)OCCOP(=O)(O)OCCOC(=O)C(=C)C,0
154,405,C=C(C)OC(C)=O,0
155,406,Cc1cc(O)cc2c1O[C@](C)(CCC[C@H](C)CCC[C@H](C)CCCC(C)C)CC2,0
156,409,O=C1CC[C@@H](C(=O)O)N1,0
157,416,CC1(C)[C@@H](O[C@H]2O[C@H](C(=O)O)[C@@H](O)[C@H](O)[C@H]2O[C@@H]2O[C@H](C(=O)[O-])[C@@H](O)[C@H](O)[C@H]2O)CC[C@@]2(C)[C@H]1CC[C@]1(C)[C@@H]2C(=O)C=C2[C@@H]3C[C@@](C)(C(=O)O)CC[C@]3(C)CC[C@]21C,0
160,422,O=S(=O)([O-])c1ccc2c(/N=N\c3ccc(S(=O)(=O)[O-])c4ccccc34)c(O)c(S(=O)(=O)[O-])cc2c1,0
162,425,CO[C@H]1[C@H]([C@@]2(C)O[C@@H]2CC=C(C)C)[C@]2(CC[C@H]1OC(=O)/C=C/C=C/C=C/C=C/C(=O)O)CO2,1
163,426,C1CCC2(CCCCO2)OC1,0
165,430,CCCCOCCO,0
166,432,CCCN(CCC)C(=O)SCC,0
171,440,CC(Cl)(Cl)C(=O)O,0
172,443,CC(=O)C(Cl)Cl,0
173,445,Cc1cc(O)c2c(O)c3c(O)cccc3cc2c1,1
174,447,Cc1ccccc1N1CCN(CCc2nnc3n2CCCC3)CC1,1
177,455,CCCCOCCOCCOCCO,1
181,467,CCCCC/C=C\C/C=C\CCCCCCCC(=O)NC(C)c1ccccc1,1
184,475,CCN(CC)CCOC(=O)C1(c2ccccc2)CCCC1.CCN(CC)CCOC(=O)C1(c2ccccc2)CCCC1.O=S(=O)(O)CCS(=O)(=O)O,0
187,478,CC1CC(OC(=O)c2ccccc2O)CC(C)(C)C1,1
192,486,NCCNCCN,1
193,489,NC(=O)CCCCC(N)=O,0
194,490,CNC(=O)ON=CC(C)(C)SC,0
195,492,NN,1
196,500,O=C(OCc1ccccc1)C(=O)OCc1ccccc1,0
198,509,CC(C)(c1cc(Br)c(OCC(Br)CBr)c(Br)c1)c1cc(Br)c(OCC(Br)CBr)c(Br)c1,0
200,511,COc1c2occc2cc2ccc(=O)oc12,1
201,512,COC(C)(C)C,0
203,517,O=C(O)CNC(=O)c1ccccc1,0
204,519,CC(C)(C)OC(=O)N1C[C@@H](F)C[C@H]1C(=O)O,0
207,524,CCOC(=O)c1ncn2c1CN(C)C(=O)c1cc(F)ccc1-2,0
208,529,CSCCC=O,0
209,530,CC(C)(C)C(=O)Cl,0
210,531,CCCCC(CC)COC(=O)Cl,0
211,532,CCCCC(CC)C(=O)[O-],0
214,537,C/C=C/C=C/C(=O)[O-],0
215,542,CCCCCC=CCC(=O)OC,0
216,544,CCCCCCCCC(=O)OCC,0
217,546,CCCCCCCCCCCCCC(=O)OCC,0
219,548,C=CCCCCCCCCO,0
221,562,CCNC(=O)C1CC(C)CCC1C(C)C,0
223,566,CS(=O)(=O)c1ccc(C(=O)C2C(=O)CCCC2=O)c(Cl)c1COCC(F)(F)F,0
224,569,C[C@@H](O)C(=O)O,1
226,571,CC1=CC[C@@]23CC1C(C)(C)[C@@H]2CC[C@H]3C,0
227,573,CCCCOCCOCCSC#N,0
228,574,O=C(N[C@H]1CN2CCC1CC2)c1ccc2c(c1)OCCO2,0
229,575,Nc1nc(Cl)nc2c1ncn2[C@H]1C[C@H](O)[C@@H](CO)O1,1
231,578,CCn1nc(C(=O)O)c(=O)c2cc3c(cc21)OCO3,0
232,579,C(=C/c1ccccc1)\CN1CCN(C(c2ccccc2)c2ccccc2)CC1,1
233,580,BrCCCBr,0
234,581,COc1ccc(C(Cl)=C(c2ccc(OC)cc2)c2ccc(OC)cc2)cc1,1
235,583,Cc1cc(C)nc(NS(=O)(=O)c2ccc(N)cc2)n1,1
236,585,Cc1noc(NS(=O)(=O)c2ccc(N)cc2)c1C,1
238,588,CCCCC1(COC(=O)CCC(=O)O)C(=O)N(c2ccccc2)N(c2ccccc2)C1=O,1
240,592,C=CCc1ccc(OC)c(OC)c1,1
242,602,CC(CC=O)CCCC(C)(C)O,0
243,606,CCN(CC)CCNC(=O)COc1ccc(OC)cc1,1
244,611,Cc1ccc(C(=O)C(C)CN2CCCCC2)cc1,1
245,612,CC(C)COC(=O)CCCCC(=O)OCC(C)C,0
246,614,O=[N+]([O-])c1ccc(C=Cc2ccc([N+](=O)[O-])cc2S(=O)(=O)[O-])c(S(=O)(=O)[O-])c1,0
247,625,COC(=O)CCc1ccc(OCC(O)CNC(C)C)cc1,0
248,626,C=CC(=O)NC(C)C,0
249,630,CC(C)c1cccc(C(C)C)c1O,1
250,632,Cc1c(C(C)C)c(=O)n(-c2ccccc2)n1C,0
251,633,[O-][Cl+3]([O-])([O-])[O-],0
252,636,O=NN(c1ccccc1)c1ccccc1,1
256,644,CCCC[N+](CCCC)(CCCC)CCCC,0
257,645,CC1CCN(CCCC(=O)c2ccc(F)cc2)CC1,0
258,647,N=C(N)NN,1
259,649,Cc1ccc(C(N)=O)cc1N,0
262,654,C[C@](N)(Cc1ccc(O)c(O)c1)C(=O)O,0
264,660,Nc1ccc(-c2ccc(N)cc2)cc1,1
265,662,[Ba+2],1
266,664,O=Cc1ccccc1,0
267,666,C=CCCC,0
268,669,O=C(O)COCC(=O)O,0
269,674,O=C(O)c1c2ccccc2cc2ccccc12,1
271,679,CCN(CC)CCNC(=O)c1ccc(N)cc1,0
273,689,C[C@H](CN1CCOCC1)C(C(=O)N1CCCC1)(c1ccccc1)c1ccccc1,1
274,700,C[C@]12C=CC3=C4CCC(=O)C=C4CC[C@H]3[C@@H]1CC[C@@H]2O,1
276,712,CCCCCCCC(=O)OCC(O)CO,0
277,714,Cc1ccc(S(=O)(=O)NC(=O)NN2CCCCCC2)cc1,1
279,716,CCCCCCCCCCCCCCCCO,1
280,721,CN(C)C(=O)C(c1ccccc1)c1ccccc1,1
281,722,OC[C@H]1O[C@@H]2O[C@@H]3[C@@H](CO)O[C@H](O[C@@H]4[C@@H](CO)O[C@H](O[C@@H]5[C@@H](CO)O[C@H](O[C@@H]6[C@@H](CO)O[C@H](O[C@@H]7[C@@H](CO)O[C@H](O[C@H]1[C@H](O)[C@H]2O)[C@H](O)[C@H]7O)[C@H](O)[C@H]6O)[C@H](O)[C@H]5O)[C@H](O)[C@H]4O)[C@H](O)[C@H]3O,1
282,742,Cc1cc(C)c(N)c(Cl)c1,0
283,744,CCCOC(=O)c1ccccc1,0
284,745,CCC(CO)(CO)COCC(CC)(CO)CO,0
286,750,C=CC(=O)OCCCCCCCCCC,0
287,752,CN(C)CCN(C)CCO,0
289,760,CCC(C(=O)NC(=O)NC(C)=O)c1ccccc1,0
291,763,CCN1CCN(c2cc(-c3ccc(F)cc3)c3c(n2)CCCCCC3)CC1,0
292,764,CCOC(=O)OCC/C(SC(=O)OCC)=C(\C)N(C=O)Cc1cnc(C)nc1N,0
293,768,OC(CCN1CCCCC1)(c1ccccc1)C1CC2C=CC1C2,0
294,769,CCOP(=O)(OCC)OCC,1
295,772,CCC(C)n1c(=O)[nH]c(C)c(Br)c1=O,1
296,774,CC(=O)OCCOCCOCCOC(C)=O,0
297,775,OCCC(F)(F)C(F)(F)C(F)(F)C(F)(F)C(F)(F)C(F)(F)C(F)(F)C(F)(F)F,0
299,779,Oc1ccc2ccccc2c1/N=N/c1ccccc1,1
300,780,NC(=S)Nc1ccccc1,0
302,787,C/C=C(C(=C/C)/c1ccc(O)cc1)\c1ccc(O)cc1,1
303,790,CCOc1ccc(NC(=O)CC(C)O)cc1,0
304,799,CN(C)CCCN,0
305,800,O=C1CCCc2ccccc21,1
306,801,OC1CCCc2ccccc21,0
310,816,COP(=S)(OC)Oc1ccc([N+](=O)[O-])cc1,1
311,818,CC(=O)c1ccccc1,0
313,823,CCC(=O)CC,0
314,824,CC[N+](CC)(CC)CCOc1cccc(OCC[N+](CC)(CC)CC)c1OCC[N+](CC)(CC)CC,0
316,831,COC(=O)c1cccc(Cl)c1,0
317,832,C=C(C)C(=O)OCCN(C)C,0
318,833,Cc1cc(=O)nc(C(C)C)[nH]1,0
321,836,COC(=O)CCS,0
323,848,CCCCCC/C=C/C(=O)OC,0
325,850,CCCCCCCC/C=C\CCCCCCCC(=O)OCC,0
326,852,CCN(CC)CC1CCCCN1CC(=O)N1c2ccccc2C(=O)Nc2cccnc21,0
327,853,CC1(C)Oc2ccc(C#N)cc2[C@@H](N2CCCC2=O)[C@@H]1O,0
328,856,CCCN1C=CN(C)C1,0
329,859,Cc1ncsc1CCCl,0
331,864,Nc1ccc2ccccc2c1S(=O)(=O)O,1
332,865,O=[N+]([O-])c1ccc(Cl)cc1,0
333,866,CCCCOC(O)CC,0
334,867,CCCCCCCCCCCCOS(=O)(=O)[O-],0
338,885,CC1=C(C=O)C(C)(C)CCC1,0
339,888,CC(C)=CC(=O)O,1
340,890,CN1CCCC1,0
341,892,CC(=O)Nc1cc([As](=O)(O)O)ccc1O,0
342,901,CCCCCC1CCC(=O)O1,0
343,903,CCCOc1ccc(C(=O)OCCN(CC)CC)cc1N,1
344,904,COC(=O)C(Cl)C(=O)OC,1
345,911,CC(C)(C)N,0
349,917,[S-]c1ccccc1,0
353,923,COc1ccc(N)cc1,1
354,924,CC(C)c1cccc(C(C)C)c1N,0
355,928,C=CCCCCCCCCC=O,0
357,930,C=CCOc1nc(OCC=C)nc(OCC=C)n1,1
358,931,NCCOS(=O)(=O)O,0
359,936,NC(CO)(CO)CO.O=C(c1ccccc1)c1ccc2n1CC[C@H]2C(=O)O,0
360,938,CCOC(=O)c1ccc(OC(=O)CCCCCNC(=N)N)cc1,1
361,939,CC(C)OC(=O)COc1ccc(Cl)cc1Cl,0
362,940,CCCCC(CC)COC(=O)COc1ccc(Cl)cc1Cl,0
363,942,CN(C)C(=O)Nc1ccc(Cl)c(Cl)c1,1
364,945,CCCCOC(=O)COc1ccc(Cl)cc1Cl,0
366,948,[N-]=[N+]=CC(=O)OC[C@H](N)C(=O)O,1
367,949,COP(=O)(OC)OC=C(Cl)Cl,1
370,965,ClC=CCl,0
371,967,O=c1[n-]c(=O)n(Cl)c(=O)n1Cl,1
373,970,O=[N+]([O-])c1ccc(Cl)c(Cl)c1,1
374,972,CCCCCCCC/C=C/CCCOC(C)=O,1
375,973,NCCNC(=O)c1ccc(Cl)cn1,0
377,985,c1ccc(OCc2ccc(CCCN3CCOCC3)cc2)cc1,1
378,988,CC(=O)Nc1ccc(OCCOCCOc2ccc(NC(C)=O)cc2)cc1,0
380,1000,CC(C)OP(C)(=O)OC(C)C,0
381,1002,CC1=C(C)S(=O)(=O)CCS1(=O)=O,1
383,1004,CNC,0
385,1006,CCCCCCCCCCCCCCCCCC(=O)OCCCCCCCCCCCCCC(C)C,1
386,1007,CC(C)(CO)[C@@H](O)C(=O)NCCC(=O)[O-],0
387,1009,C1=CCC(c2ccccc2)CC1,0
388,1010,Cc1ccc(-c2ccccc2)cc1,0
391,1028,c1ccc(-c2nnn[nH]2)cc1,0
392,1043,CN(C)C(=O)CNC(=O)Cc1ccccc1,0
393,1050,CN(CC1(C)CCCO1)S(=O)(=O)c1ccc(Cl)c(S(N)(=O)=O)c1,0
394,1054,O=[N+]([O-])c1cc(Cl)c(Cl)cc1Cl,1
395,1060,Oc1c(Cl)ccc(Cl)c1Cl,1
396,1061,C=C(Cl)CCl,0
398,1066,ClC(Cl)c1ccccc1,0
400,1070,C1CCC(NC2CCCCC2)CC1,0
401,1071,Cl[Ba]Cl,1
402,1075,O=C(O)CP(=O)(O)O,0
403,1079,O=C([O-])CC(O)(CC(=O)O)C(=O)[O-],0
404,1083,NCC1(CC(=O)O)CCCCC1,0
405,1084,Nc1nc[nH]n1,1
406,1090,Cc1cccc2ccccc12,0
407,1092,O=C1CCCCCO1,0
408,1093,O=C(Cl)OCc1ccccc1,0
409,1099,CC(C)(C(=O)c1cccnc1)c1cccnc1,0
410,1102,c1ccc2[nH]cnc2c1,0
411,1103,Cc1ccccc1O,0
412,1104,CCN(CCO)c1cccc(C)c1,0
413,1105,CCN(CC)c1ccccc1,0
414,1109,CC(C)=CCCC(C)=CC=O,0
416,1111,O=C/C=C/c1ccccc1,1
417,1113,CC(C)SCc1ccco1,0
418,1115,COC(=O)CCSCCC(=O)OC,1
419,1117,ClC(Br)Br,0
420,1119,ClCc1ccccn1,0
421,1120,ClCc1cccnc1,0
422,1123,C[C@H]1O[C@H](O[C@@H]2[C@@H](CO)O[C@H](O[C@@H]3[C@@H](CO)O[C@@H](O)[C@H](O)[C@H]3O)[C@H](O)[C@H]2O)[C@H](O)[C@@H](O)[C@@H]1N[C@H]1C=C(CO)[C@@H](O)[C@H](O)[C@H]1O,1
423,1124,C/C=C1\[C@H]2C=C(C)C[C@]1(N)c1ccc(=O)[nH]c1C2,0
426,1132,N#C[C@@H]1C[C@@H]2C[C@@H]2N1C(=O)[C@@H](N)C12CC3CC(CC(O)(C3)C1)C2,0
427,1133,CC1CC(O)CC(C)(C)C1,0
428,1134,NC(=O)NC(N)=O,0
429,1135,CC(C)CC(C)O,0
431,1139,NS(=O)(=O)c1cc2c(cc1Cl)NC(CC1CCCC1)NS2(=O)=O,0
432,1141,CC(C)NCC(O)c1ccccc1Cl,0
433,1142,CCCc1nc(C)c2c(=O)nc(-c3cc(S(=O)(=O)N4CCN(CC)CC4)ccc3OCC)[nH]n12.O=C(O)CC(O)(CC(=O)O)C(=O)O,1
435,1149,C=COCCCCO,0
436,1151,OCC1CO1,0
437,1152,CCCCOC(=O)c1ccccc1,1
438,1154,CCC1COC(=O)O1,0
439,1155,Cc1cc(C(C)(C)C)c(O)c(C)c1CC1=NCCN1,0
441,1160,CCOc1ccccc1O,0
442,1162,CC(C)C(=O)OCCOc1ccccc1,0
443,1163,C=C(C)[C@H]1CN[C@H](C(=O)O)[C@H]1CC(=O)O,1
444,1165,Cc1ccccc1C,0
445,1170,C[C@@H](C1=C(CCN(C)C)Cc2ccccc21)c1ccccn1,0
448,1181,CN1[C@H]2C[C@H](OC(=O)[C@H](CO)c3ccccc3)C[C@@H]1[C@H]1O[C@@H]21,1
449,1182,C=CCc1ccc2c(c1)OCO2,0
453,1186,O=C1[N-]S(=O)(=O)c2ccccc21,1
455,1189,NC(=O)[O-],0
457,1193,O=C(O)C[C@H](NC(=O)OCc1ccccc1)C(=O)O,1
458,1194,CC(=O)C=CC1=C(C)CCCC1(C)C,0
459,1197,CCOC(=O)c1ccccc1C(=O)OCC,0
460,1198,CCCCOC(=O)c1ccccc1C(=O)OCCCC,1
463,1212,CCOC(=O)CC(C)=O,0
464,1213,C1CCCNCCC1,0
465,1214,CCCCC(CC)COC(=O)/C=C\C(=O)OCC(CC)CCCC,1
467,1218,O=C(O)CNCC(=O)O,0
468,1225,[Na]I,0
471,1228,C[N+](C)(C)CC(=O)O,0
474,1232,CC(=O)CC(c1ccccc1)c1c(O)c2ccccc2oc1=O,1
475,1236,BrCCCCCBr,0
476,1242,O=CNNC=O,0
477,1243,CCNC(=S)NCC,1
478,1245,CCOC(=O)/C=C\C(=O)OCC,1
482,1254,CC(C)COC(=O)c1ccccc1C(=O)OCC(C)C,1
484,1256,CCOC(=O)C=Cc1ccccc1,0
487,1260,CCCCCCCC/C=C\CCCCCCCC(=O)O,0
488,1261,CN1C(=O)C(C)(C2=CCCCC2)C(=O)N=C1O,0
489,1271,CC1=C2[C@H]3OC(=O)[C@@H](C)[C@@H]3CC[C@@]2(C)C=CC1=O,0
490,1272,C[C@H]1[C@H]2[C@H](C[C@H]3[C@@H]4CC[C@H]5C[C@@H](O)CC[C@]5(C)[C@H]4CC(=O)[C@@]32C)O[C@]12CC[C@@H](C)CO2,0
491,1286,C[C@H]1CN(c2c(F)c(F)c3c(=O)c(C(=O)O)cn(C4CC4)c3c2F)C[C@@H](C)N1,1
492,1287,COc1ccc(Cc2cnc(N)nc2N)cc1OC,0
493,1292,CNC(=O)N(C)c1nnc(C(C)(C)C)s1,0
494,1293,Cc1[nH]c(=O)n(C(C)(C)C)c(=O)c1Cl,0
495,1294,CCCCC(C#N)(Cn1cncn1)c1ccc(Cl)cc1,1
496,1295,O=C([O-])CF,0
498,1298,C=CC(=O)OCCCCCC(C)C,1
499,1299,Cl/C=C/Cl,0
502,1304,OCCN1C[C@H](O)[C@@H](O)[C@H](O)[C@H]1CO,0
503,1305,CCCCOC(=O)CC(CC(=O)OCCCC)(OC(C)=O)C(=O)OCCCC,0
504,1307,O=C(O)c1cccc(C(F)(F)F)c1,0
505,1310,COC(OC)OC,0
507,1317,CCC(C)C1N=C(C)C(C)S1,0
508,1319,Cc1nc2ccc(Cl)cc2[nH]1,1
509,1320,N[C@@H](CCC(=O)O)C(=O)O,0
511,1341,CC(C)(O)C(=O)c1ccccc1,0
513,1343,COC(C=C(C)CCC=C(C)C)OC,0
514,1346,O=S(=O)(O)NC1CCCCC1,0
515,1357,CC(=O)[C@H]1CC[C@H]2[C@@H]3C=CC4=CC(=O)CC[C@@]4(C)[C@@H]3CC[C@]12C,1
516,1358,Cn1c(=O)c2c(ncn2CC(O)CO)n(C)c1=O,0
518,1360,OCC(CO)N[C@H]1C[C@](O)(CO)[C@@H](O)[C@H](O)[C@H]1O,1
519,1362,Cc1cccc(C)c1,1
520,1363,Cc1ccc(N)c(C)c1,1
521,1365,O=C(O)c1cc(C(=O)O)cc(S(=O)(=O)[O-])c1,0
522,1367,CC(C)CCON=O,0
523,1371,COc1cc(OC)nc(Oc2cccc(Oc3nc(OC)cc(OC)n3)c2C(=O)[O-])n1,0
524,1372,CC(C)=C[C@@H]1[C@@H](C(=O)OCc2coc(Cc3ccccc3)c2)C1(C)C,0
525,1382,COc1ccc(C(=O)N2CCCC2=O)cc1,0
526,1387,CC(C)(C)c1nnc(NS(=O)(=O)c2ccccc2)s1,1
527,1389,CCn1c2ccccc2c2cc(N)ccc21,1
528,1400,O=C(O)CCCCCCNC1c2ccccc2CCc2ccccc21,1
530,1404,COc1ccc2c(C(=O)c3ccc(Cl)cc3)c(C)n(CC(=O)O)c2c1,1
531,1405,Cc1nc([N+](=O)[O-])cn1-c1ccc([N+](=O)[O-])cc1,0
534,1411,CCCCCCCC/C=C\CCCCCCCC(N)=O,1
535,1413,Cc1cc(=O)[nH]c(=S)[nH]1,1
536,1416,CCC(C)(C)c1ccc(O)cc1,1
537,1418,Cc1ccc(Cl)cc1,0
538,1420,Nc1ccc(Br)cc1,1
539,1421,CCCCOC(=O)CCCCC(=O)OCCCC,0
540,1422,Cc1ccc(O)c(C)c1,0
541,1424,Cc1ccc(O)cc1,1
543,1426,COc1ccc(S(=O)(=O)N2c3ccc(Cl)cc3[C@@](O)(c3ccccc3Cl)[C@H]2C(=O)N2CCC[C@@H]2C(N)=O)cc1OC,0
544,1427,O=[PH](Oc1ccccc1)Oc1ccccc1,1
545,1428,C[NH+](C)CCC(c1ccc(Cl)cc1)c1ccccn1,0
549,1433,O=C1c2cccc(O)c2C(=O)c2c(O)cccc21,1
552,1441,OCCCCCO,1
553,1443,CNC(=N)NC(=O)Nc1c(C)cccc1C,0
554,1445,CC(C(=O)O)c1ccc2c(c1)CC(=O)c1ccccc1S2,1
555,1450,[NH3+]c1ccccc1,0
558,1454,CCCCCCCCCCCCCCCS(=O)(=O)Oc1ccccc1,0
559,1455,CC[C@H](C)C(=O)O[C@H]1C[C@H](O)C=C2C=C[C@H](C)[C@H](CC[C@@H](O)C[C@@H](O)CC(=O)[O-])[C@H]21,0
560,1456,NC[C@H]1O[C@H](O[C@@H]2[C@@H](N)C[C@@H](N)[C@H](O[C@H]3O[C@H](CO)[C@@H](O)[C@H](N)[C@H]3O)[C@H]2O)[C@H](O)[C@@H](O)[C@@H]1O,0
561,1457,COc1cc2c(cc1OC)[C@@]13CCN4CC5=CCO[C@H]6CC(=O)N2[C@H]1[C@H]6[C@H]5C[C@H]43,1
562,1460,COCCOCCOCCOC,0
564,1463,Cc1ccccc1Br,0
565,1465,CC(O)CCCCn1c(=O)c2c(ncn2C)n(C)c1=O,0
566,1479,CCC(=O)Nc1ccc(O)cc1,0
567,1485,CC(=O)Oc1cc(C(C)C)c(OCCN(C)C)cc1C,0
569,1496,CCOC(=O)CCc1ccccc1,0
570,1498,CCCCCC#CC(=O)OC,0
571,1500,CCC(=O)OC(C)c1ccccc1,0
572,1503,C/C=C/C=C/C(=O)O,1
574,1508,CCC(OCCCOC)OC(C)=O,0
575,1510,NC1CCCCC1N,0
576,1511,O=C(Cl)c1c(Cl)c(Cl)c(C(=O)Cl)c(Cl)c1Cl,0
577,1513,CCCCC(CC)C(=O)Cl,0
579,1516,CN(N=O)c1ccccc1,0
580,1517,O=NN1CCOCC1,0
583,1532,COC(C)(C)CCO,0
585,1535,O=S(=O)(O)c1ccc(O)c2ncccc12,1
586,1546,Nc1ccc(NC(=O)c2ccc(N)cc2)cc1,1
587,1548,CCOP(=S)(OCC)Oc1cc(C)nc(C(C)C)n1,1
588,1551,CC(C)(CO)[N+](=O)[O-],1
589,1553,CCCCCCCCCCCCS,0
590,1560,N[C@@H](CCC(=O)N[C@@H](CS)C(=O)NCC(=O)O)C(=O)O,0
591,1561,OCCN(CCO)c1cccc(Cl)c1,0
592,1567,COc1ccccc1NC(=O)CC(C)=O,1
596,1581,Cc1ccc(C(C)C)c(O)c1,1
597,1582,O=c1cc[nH]c(=S)[nH]1,0
598,1584,CC(=O)OCCOC(C)=O,0
600,1589,CCCCCCCCCCCC(=O)OC,0
601,1591,N#C[S-],0
602,1594,COc1ccccc1N1CCNCC1,0
603,1596,CCC[N+]1(C)CCCC1,0
604,1597,CCCCCCCCCCCCCCCCI,0
605,1602,CCC[N+]1(C)CCCC1,0
608,1609,CC1(C)[C@@H]2CC[C@@]1(C)[C@H](O)C2,0
611,1614,CC(C)CC(C)(C)C,0
614,1618,Brc1ccc(Oc2ccc(Br)cc2)cc1,1
615,1619,ClC(Cl)(Br)Br,0
616,1620,Brc1ccc(Br)cc1,0
617,1621,OC1CCCCC1c1ccccc1,0
618,1622,O=S(=O)([O-])c1ccc2ccccc2c1,1
619,1623,CCC(C)COC(=O)CC(C)C,0
621,1625,CC=CC(=O)CCCC,0
622,1626,CCCCCC(CC)OC(=O)CCCOc1ccc(Cl)cc1Cl,0
624,1639,CCOC(=O)COc1ccc(C)cc1,1
627,1662,N#CCc1ccccc1[N+](=O)[O-],1
628,1664,O=[N+]([O-])c1cccc(O)c1,1
629,1669,CCOC(N)=O,0
632,1675,O=C(O)c1ccc2cc(C(=O)O)ccc2c1,0
633,1677,CCCOCC(C)O,1
634,1679,CCCCCCC(CO)CCCC,0
636,1684,CO/N=C(/C(=O)N[C@@H]1C(=O)N2C(C(=O)OCOC(=O)C(C)(C)C)=C(C)CS[C@H]12)c1csc(N)n1,0
640,1703,C=CCNC(N)=S,0
641,1705,CC(C)C(O)C(C)(C)CO,0
642,1708,C[C@]12CC[C@@H]3[C@H]4CCC(=O)C=C4CC[C@H]3[C@@H]1CC[C@@H]2O,1
647,1716,CCNc1cccc(C)c1,0
648,1717,c1ccc(Oc2ccccc2)cc1,0
649,1718,CNc1ccccc1,0
650,1719,N#Cc1ccccn1,0
652,1729,O=c1ccc2ccccc2o1,1
653,1732,CC(=O)OCCC(C)CC(C)(C)C,0
654,1733,[Co+2],1
655,1734,COc1ccc2c3c1O[C@H]1[C@@H](O)C=C[C@H]4[C@@H](C2)N(C)CC[C@]314,1
656,1735,CCCCCCCCCCCC(=O)OCC(O)CO,0
657,1736,CCOP(=S)(OCC)Oc1ccc2c(C)c(Cl)c(=O)oc2c1,1
658,1739,CCCC[n+]1cccc(C)c1,0
659,1741,Cc1nc2ccccc2s1,0
661,1748,CCCCC=O,0
663,1754,CC(C)CCCCCCCOC(=O)c1ccccc1C(=O)OCCCCCCCC(C)C,0
666,1760,O=C(c1ccc(Cl)cc1)c1ccc(Cl)cc1,0
667,1761,C#C[C@]1(O)CC[C@H]2[C@@H]3CCc4cc(OC)ccc4[C@H]3CC[C@@]21C,1
668,1767,CNC(=O)[C@H]1O[C@@H](n2cnc3c(NCc4cc(Cl)ccc4OCc4cc(C)no4)ncnc32)[C@H](O)[C@@H]1N,0
670,1774,CC(C)C(Br)C(=O)NC(N)=O,1
671,1775,CN1CCC[C@H]1c1cccnc1,0
672,1776,Cc1c(N(C)CS(=O)(=O)[O-])c(=O)n(-c2ccccc2)n1C,1
673,1781,O=C(CS(=O)Cc1ccco1)NC/C=C\COc1cc(CN2CCCCC2)ccn1,0
674,1786,C=C(C)C1CC=C(C)C(=O)C1,0
676,1790,CCC(=O)C1CC(C(C)C)CC=C1C,0
677,1792,COc1cc(CCC(C)=O)ccc1O,0
678,1793,OC[C@H](O)[C@@H](O)[C@@H](O)[C@H](O)CO,0
681,1803,O=c1c(O)c(-c2ccc(O)c(O)c2)oc2cc(O)cc(O)c12,1
682,1810,O=S(=O)([O-])CO,0
683,1812,O=C1CCCCCCCCCCC1,1
684,1817,CC(=O)Nc1ccc(S(N)(=O)=O)cc1,0
685,1822,N#CC1(N)CCCCC1,0
686,1824,CCOC(=O)NNc1ccc(N(CC)CC(C)O)nn1,0
687,1827,COC(=O)CC#N,0
689,1830,CC(C)NC(=O)NC(C)C,0
690,1832,C=CCOCC(O)CO,0
691,1833,CC(=O)c1ccc(C)cc1,0
692,1836,O=S(=O)(O)CCCN1CCOCC1,0
696,1846,CCCCN(CCCC)CCCC,0
697,1852,CCCCNC(=O)NS(=O)(=O)c1ccc(N)cc1,0
699,1855,CCN1CCC[C@H]1CNC(=O)c1c(O)c(Cl)cc(Cl)c1OC,0
700,1856,CN(C(=O)c1c(O)c2ccccc2n(C)c1=O)c1ccccc1,0
702,1863,O=Cc1ccco1,1
703,1865,CCCCCCCCCCCCC1CO1,0
704,1866,COc1ccccc1O,0
705,1868,C=CC1CO1,0
706,1870,NS(=O)(=O)c1cc(C(=O)O)c(NCc2ccco2)cc1Cl,1
707,1872,CC(C)CC(C)N,0
708,1876,CN[C@H]1[C@@H](O)[C@@H](NC)[C@H](O)[C@H]2O[C@@H]3O[C@H](C)CC(=O)[C@]3(O)O[C@H]12,0
709,1879,Cc1cc(C)n(CO)n1,0
710,1880,O=c1oc(=O)c2cc3c(=O)oc(=O)c3cc12,1
711,1881,CCN1CN(CC)CN(CC)C1,0
713,1885,COc1cc(O)c(C(=O)c2ccccc2)cc1S(=O)(=O)O,1
715,1892,C#CC(C)(C)NC(=O)c1cc(Cl)cc(Cl)c1,0
716,1893,Nc1cc(Cl)c(N)c(Cl)c1,1
717,1894,Nc1c(Cl)cc([N+](=O)[O-])cc1Cl,1
718,1897,O=C(O)C(Cl)Cl,0
720,1899,CCCCOC(C)=O,0
721,1901,CCCCOP(=O)(OCCCC)OCCCC,1
722,1904,CCC(C)(CCC(C)C)C(=O)O,0
723,1906,CCCCc1ccccc1,0
724,1910,CC(C)CCCC(C)(C)O,0
725,1911,CCC/C=C/C=O,0
726,1913,O=C(O)c1ccco1,0
728,1917,Cc1occc1S,1
729,1918,CCCOC(C)=O,0
730,1919,Cc1ccc2c(c1)CCCN2,1
731,1920,CC1(C)CCC[C@@]2(C)[C@H]1CC[C@@]1(C)OCC[C@H]21,1
733,1924,Cl[Yb](Cl)Cl,0
734,1927,C=CC(C)(C)CC(=O)OC,0
736,1930,CCCCCCc1ccc(-c2ccc(C#N)cc2)cc1,1
737,1931,C=C(C)C(=O)OCCCCCC,0
739,1935,O=[N+]([O-])c1ccccc1CCl,1
740,1938,O=[N+]([O-])c1cccc(CCl)c1,1
742,1942,Nc1ccc(S(=O)(=O)[O-])cc1,1
743,1945,CCCCCCCCCCCCCCCCC(=O)O,0
745,1947,[PbH2+2],1
746,1950,O=C(c1ccc2c(c1)C(=O)OC2=O)c1ccc2c(c1)C(=O)OC2=O,0
747,1952,CC(CO)CO,0
749,1955,C=CC(C)CCC=C(C)C,0
750,1956,C=CCCCCCCCCCCC,0
751,1962,CCN(CC)CCc1c[nH]c2ccccc12.CCN(CC)CCc1c[nH]c2ccccc12,1
753,1973,CC(C(=O)O)c1ccc(CC2CCCC2=O)cc1,0
754,1974,Cc1ccccc1N1C(=O)c2cc(S(N)(=O)=O)c(Cl)cc2NC1C,0
755,1975,CCN(CC)CC(=O)Nc1c(C)cccc1C,0
756,1978,O=C1N(c2ccccc2)c2ccccc2C1(Cc1ccncc1)Cc1ccncc1,0
757,1979,CCn1ccnc1CC1COc2ccccc2O1,0
758,1980,CCN(CC)CCNC(=O)c1cc(Cl)c(N)cc1OC,0
759,1983,COc1ccc(N)cc1,1
760,1984,COc1ccccc1N,1
761,1985,Nc1ccccc1,1
762,1986,Nc1ccccc1,0
763,1987,CC(COc1ccc(C(C)(C)C)cc1)OS(=O)OCCCl,0
764,1990,Nc1ccccc1C(=O)O,0
765,1991,C=CCC1([C@H](C)CCC)C(=O)NC(=O)NC1=O,0
770,1999,CCN[C@@H](C)Cc1cccc(C(F)(F)F)c1,0
771,2002,CCN(CC)C(=O)C(Cl)=C(C)OP(=O)(OC)OC,0
772,2004,Oc1ccccc1-c1ccccc1,1
773,2007,CCCOC(=O)CCCCC(=O)OCCC,0
775,2014,Clc1nc(Cl)c(Cl)c(Cl)c1Cl,1
779,2022,CN/C=N/c1ccc(C)cc1C,0
780,2024,CC(C)OC(=O)CCC(=O)OC(C)C,0
782,2029,CSc1ccc(C(=O)C(C)(C)N2CCOCC2)cc1,1
783,2030,OC[C@H](O)[C@H](O)CO,0
785,2039,CN(C)N=Nc1nc[nH]c1C(N)=O,0
786,2042,CC1=CCC(C(C)C)=CC1,0
788,2067,Cc1cnc(C(=O)NCCc2ccc(S(=O)(=O)NC(=O)NC3CCCCC3)cc2)cn1,1
792,2090,O=C([O-])COc1ccc(Cl)cc1Cl,0
793,2093,CCO[Si](CCCNC(N)=O)(OCC)OCC,0
795,2095,NC(=O)CN1CCCC1=O,0
796,2098,Oc1cccc(O)c1,0
798,2100,CC/C=C\CCOC(=O)C(C)C,0
800,2103,CCCCCc1cccc(=O)o1,1
802,2106,C[N+](C)(C)Cc1ccccc1,0
803,2116,CCCC[C@H]1CN(CC2CCOCC2)C(=O)OC12CCN(C1(C)CCN(C(=O)c3c(C)ncnc3C)CC1)CC2,0
804,2117,O=C1C(Cl)C(CCl)CN1c1cccc(C(F)(F)F)c1,1
805,2118,CN(C)[C@@H]1C(O)=C(C(N)=O)C(=O)[C@@]2(O)C(O)=C3C(=O)c4c(O)cccc4[C@@](C)(O)[C@H]3[C@H](O)[C@@H]12,0
806,2119,Nc1ccc(Oc2ccc(N)cc2)cc1,1
809,2134,ClCCN(CCCl)CCCl,1
810,2135,COC(=O)Cc1ccccc1,0
811,2139,CC[N+]1(C)CCCC1,0
812,2146,CCCCCCCCCCCCCC/C(O)=N\C(CO)CCCCCCCCCCCCCC,0
815,2152,CCCN[C@H]1CCc2nc(N)sc2C1,0
816,2155,CC(=O)Nc1nnc(S(N)(=O)=O)s1,0
817,2159,CC(=O)Nc1ccccc1,0
818,2163,COP(=S)(OC)Oc1ccc(SC)c(C)c1,1
820,2165,CC(C)(C)NC(=O)[C@H]1CC[C@H]2[C@@H]3CC[C@H]4NC(=O)C=C[C@]4(C)[C@H]3CC[C@]12C,1
821,2167,OC(Cn1cncn1)(Cn1cncn1)c1ccc(F)cc1F,0
822,2168,O=C(NCC1CCCCN1)c1cc(OCC(F)(F)F)ccc1OCC(F)(F)F,0
827,2183,O=C1OC(=O)C2CCCCC12,0
830,2188,CCBr,0
832,2193,OB(O)O,0
833,2194,C[C@@H](O)[C@H]1C(=O)N2C(C(=O)O)=C(SCCNC=N)C[C@H]12,0
834,2195,Nc1ccc(S(=O)(=O)Nc2cnc3ccccc3n2)cc1,1
836,2204,O=C(Nc1ccc([N+](=O)[O-])cc1)Nc1ccc([N+](=O)[O-])cc1,1
838,2211,CCOP(=O)(SC(C)CC)N1CCSC1=O,0
841,2214,COc1cccc2c1C(=O)c1c(O)c3c(c(O)c1C2=O)C[C@@](O)(C(=O)CO)C[C@@H]3O[C@H]1C[C@H](N)[C@H](O)[C@H](C)O1,1
842,2215,CC(C=O)Cc1ccc(C(C)C)cc1,0
843,2217,COc1ccc(OC)c(Cl)c1,0
845,2220,NC(=O)c1ccc([N+](=O)[O-])cc1Cl,0
847,2224,CC(C)OCCO,0
848,2225,C[N+](C)(C)CCO,0
850,2240,C=C(C)C(=O)OCC(C)C,0
851,2244,COS(=O)(=O)[O-].C[N+]1(C)CCC(=C(c2ccccc2)c2ccccc2)CC1,0
855,2259,C=C(C)c1ccccc1,0
857,2262,C1CN(CCOCCN2CCOCC2)CCO1,0
858,2263,COc1ccc(C=O)cc1OC,1
859,2266,CCOC(=O)CC,0
861,2272,COC(=O)CCCCC(=O)OC,0
862,2273,COCCOC(=O)c1ccccc1C(=O)OCCOC,0
863,2280,COc1cc(CCN)cc(OC)c1OC,1
864,2284,CCCN(CCC)c1c([N+](=O)[O-])cc(C(F)(F)F)cc1[N+](=O)[O-],1
866,2287,Cc1ccc(OP(=O)(Oc2ccc(C)cc2)Oc2ccc(C)cc2)cc1,1
867,2288,ClCC(Cl)CCl,1
868,2289,OCCOCCOCCO,0
869,2290,OCCN(CCO)CCO,0
870,2291,CC(C)NCC(O)c1ccc(O)c(O)c1,1
871,2292,Cc1cc(C)c(N)cc1C,0
873,2296,CN1C(C(=O)Nc2ccccn2)=C(O)c2ccccc2S1(=O)=O,1
875,2298,CC(=O)Nc1cccc(C)c1,0
876,2306,CC1=C2[C@H](/C=C(\C)C(=O)O)CC[C@@H](C)[C@H]2[C@H](O)C1,0
877,2307,Cl[In](Cl)Cl,1
878,2309,CCCCOC(=O)CO,0
879,2311,CN(C1CCCCC1)C1CCCCC1,0
881,2313,CN(C)C(C)(C)CO,1
882,2315,CC(=O)O[AlH3](O)O,0
883,2317,CC1(C)CC(N=C=O)CC(C)(CN=C=O)C1,0
885,2322,CCCCC(CC)COC(=O)/C=C/c1ccc(OC)cc1,0
888,2342,CC(C)c1cc(C(C)C)cc(C(C)C)c1,0
889,2343,NCC1CCCC(CN)C1,0
890,2345,CC(O)CC(C)O,0
891,2346,c1ccc(OCCOc2ccccc2)cc1,1
893,2357,c1ccc2c(c1)ccc1ccccc12,0
894,2375,CN1C(=O)N(C)C(O)C1O,0
895,2376,CC(C)c1ccc(S(=O)(=O)O)cc1,0
896,2379,COCCOCCOC,0
897,2381,O=C(O)C1=NN(c2ccc(S(=O)(=O)O)cc2)C(=O)C1,0
898,2394,CCOC(=O)NC(C)(C)Cc1ccc(Cl)cc1,0
899,2396,CC(=O)C(=O)[O-],0
900,2399,CC(=O)OC1C2(C)CCC(C2)C1(C)C,0
901,2401,O=S(=O)([O-])[O-].[Li+].[Li+],0
902,2403,CCCCCBr,0
903,2407,COC(=O)Nc1nc2cc(S(=O)c3ccccc3)ccc2[nH]1,1
906,2410,O=C1CCCCCCCCCCOCCCCO1,1
907,2411,CSSc1ccoc1C,0
908,2412,Cc1occc(=O)c1OC(=O)C(C)C,0
910,2415,CCCC1CCOC(C)S1,0
912,2426,O=C1CC2(CCCC2)CC(=O)N1CCCCN1CCN(c2ncccn2)CC1,1
915,2430,O=C(O)c1cccc(O)c1,0
916,2431,Cc1ccc(C(=O)O)cc1,0
917,2438,CC(=O)OC(C)(C)C1CC=C(C)CC1,1
918,2439,Cl[Si](Cl)(c1ccccc1)c1ccccc1,1
919,2440,COCCOC,0
920,2441,CCOCCOCC,0
921,2443,O=C(O)CCC(=O)C(=O)O,0
922,2446,C[N+](=O)[O-],1
923,2449,O=[N+]([O-])c1ccc(Oc2ccc(Cl)cc2Cl)cc1,1
924,2450,CCCCC(CC)CO,0
926,2452,CC(C)N(C(=O)COc1nnc(C(F)(F)F)s1)c1ccc(F)cc1,1
927,2453,CCN(Cc1c(F)cccc1Cl)c1c([N+](=O)[O-])cc(C(F)(F)F)cc1[N+](=O)[O-],1
928,2456,COC(=O)CSc1cc(/N=c2\sc(=O)n3n2CCCC3)c(F)cc1Cl,0
929,2466,CCCC(=O)Nc1ccc(OCC(O)CNC(C)C)c(C(C)=O)c1,0
930,2467,Cc1cc(NC(=O)C2=C(O)c3ccccc3S(=O)(=O)N2C)no1,1
934,2476,CCCCCCCCCCO,1
939,2482,CC12CCCC=C1C(=O)OC2=O,0
941,2485,COc1cc(NS(=O)(=O)c2ccc(N)cc2)nc(C)n1,0
943,2487,Cc1ccnc(NS(=O)(=O)c2ccc(N)cc2)n1,0
944,2488,COc1cnc(NS(=O)(=O)c2ccc(N)cc2)nc1,0
945,2489,COc1ccc(NS(=O)(=O)c2ccc(N)cc2)nn1,0
946,2490,CC(=O)CC(=O)Nc1ccccc1,1
948,2492,CC(=O)OC(C)=O,0
953,2502,Nc1ccc(S(=O)(=O)Nc2ccccc2)cc1,0
954,2504,Cc1c(Cn2ccnc2)c2ccccc2n1CCC(=O)O,0
955,2507,COC(c1ccccc1)(c1ccccc1)[C@H](Oc1nc(C)cc(C)n1)C(=O)O,0
956,2509,CN1CCN(C(=O)C2CCCCC2)CC1,0
960,2518,COC(=O)CC(=O)OC,0
962,2520,CCCC(C)C,0
963,2521,[Ni+2].c1cc[cH-]c1.c1cc[cH-]c1,0
964,2524,CN1CCC[C@@H]1Cc1c[nH]c2ccc(CCS(=O)(=O)c3ccccc3)cc12,0
965,2528,N=C(N)NCCC[C@H](NC(=O)[C@@H]1CCCN1C(=O)[C@@H]1CSSCCC(=O)N[C@@H](Cc2ccc(O)cc2)C(=O)N[C@@H](Cc2ccccc2)C(=O)N[C@@H](CCC(N)=O)C(=O)N[C@@H](CC(N)=O)C(=O)N1)C(=O)NCC(N)=O,0
966,2538,COC(=O)[C@H]1[C@@H](O)CC[C@H]2CN3CCc4c([nH]c5ccccc45)[C@@H]3C[C@@H]21,1
968,2551,O=C(O)C(Cl)(Cl)Cl,0
970,2553,CCCCCCCC(=O)OCC(COC(=O)CCCCCCC)OC(=O)CCCCCCC,0
971,2554,BrC(Br)Br,0
973,2565,CCOc1ccc(NC(C)=O)cc1,0
975,2568,O=Cc1ccc(Cl)cc1Cl,0
976,2569,c1ccc(SSc2ccccc2)cc1,1
978,2574,COP(=O)(NC(C)=O)SC,0
979,2577,N#Cc1ccc(Cl)cc1,0
980,2578,CC(C)CCCC(=O)O,0
983,2595,CCCC(C)(COC(N)=O)COC(N)=O,0
984,2597,Cc1cc(C)cc(OCC2CNC(=O)O2)c1,0
987,2605,Cc1ccc(C(C)(C)O)cc1,0
989,2607,CC(C)=CCC/C(C)=C\CO,0
990,2611,CC(C)=CCC/C(C)=C/CO,1
992,2614,CCCCON=O,0
994,2621,CC(=O)OCC(=O)NCCCOc1cccc(CN2CCCCC2)c1,1
995,2626,CSc1nc(NC(C)C)nc(NC(C)C)n1,0
996,2631,C=CCc1cc(OC)c(O)c(C(=O)NCCO)c1,1
997,2632,Nc1nc(=O)c2ncn(CCC(CO)CO)c2[nH]1,0
998,2642,CCCCCCCOC(C)=O,1
1001,2657,CCCC[n+]1ccccc1.F[B-](F)(F)F,1
1002,2666,Clc1ccc(C2(Cn3cncn3)OCCO2)c(Cl)c1,0
1003,2668,O=C[C@@H](O)[C@H](O)[C@H](O)CO,0
1004,2670,CSc1nc(N=[N+]=[N-])nc(NC(C)C)n1,1
1005,2672,Nc1ccc(S(=O)(=O)Nc2ccnn2-c2ccccc2)cc1,0
1006,2674,CC1CN(c2cc3c(cc2F)c(=O)c(C(=O)O)cn3-c2ccc(F)cc2F)CCN1,0
1010,2678,Fc1ccccc1-c1ccccc1,0
1011,2681,CC(C)=CC(=O)C=C(C)C,0
1012,2682,CC(C)(CCC(=O)O)C(=O)O,0
1013,2683,CC(=O)CCC=C(C)CCC=C(C)C,0
1014,2684,CC(C)(CC(=O)O)C(=O)O,0
1018,2689,CC(C)=CC=O,0
1019,2690,CC(C)(C#N)C(C)(C)C#N,0
1020,2694,CSSC,0
1021,2695,CCOc1ccccc1N,1
1024,2706,CCC(C)C(C)=O,1
1026,2708,CC(CCC(=O)O)C(=O)O,0
1028,2717,CCN1CCC[C@H]1CNC(=O)c1c(OC)ccc(Br)c1OC,0
1029,2719,CCC1(c2ccc(N)cc2)CCC(=O)NC1=O,1
1030,2725,Cc1ccc([N+](=O)[O-])cc1N,1
1031,2726,NCC[C@H](O)C(=O)N[C@@H]1C[C@H](N)[C@@H](O[C@H]2O[C@H](CN)[C@@H](O)[C@H](O)[C@H]2O)[C@H](O)[C@H]1O[C@H]1O[C@H](CO)[C@@H](O)[C@H](N)[C@H]1O,1
1032,2727,O=P(O)(O)c1ccccc1,0
1034,2733,CC(=N\O)/C(C)=N/O,0
1036,2739,O=C(OCCOCCO)c1ccccc1Nc1cccc(C(F)(F)F)c1,0
1037,2743,CC(C)(Sc1cc(C(C)(C)C)c(O)c(C(C)(C)C)c1)Sc1cc(C(C)(C)C)c(O)c(C(C)(C)C)c1,0
1038,2744,CN1CCOC(c2ccccc2)c2ccccc2C1,1
1039,2745,CCO[Si](C)(OCC)OCC,0
1040,2747,CCCNC(C)C(=O)Nc1c(C)csc1C(=O)OC,0
1042,2751,COc1cc(-c2ccc(N=C=O)c(OC)c2)ccc1N=C=O,1
1043,2752,O=C(O)CCCCCCCCCCC(=O)O,1
1045,2759,[C-]#N.[Cu+],1
1047,2764,O=C(c1ccccc1)c1ccccc1,1
1051,2772,O=C(c1ccc(F)cc1)C1CCN(CCn2c(=O)[nH]c3ccccc3c2=O)CC1,0
1052,2773,CCC(C)(C#N)/N=N/C(C)(C#N)CC,0
1053,2774,CC(S)C(=O)NCC(=O)O,0
1054,2775,Clc1ccc2nsnc2c1NC1=NCCN1,1
1055,2779,CC(C)(C)NC[C@H](O)COc1nsnc1N1CCOCC1,0
1056,2780,CCS(=O)(=O)CCn1c([N+](=O)[O-])cnc1C,1
1057,2782,C=CCCCCCCCCC(=O)O,0
1058,2783,O=C1CCCO1,0
1059,2785,CC(C)(C)c1ccc(O)cc1,1
1060,2786,CC(C)(C)c1cc(O)ccc1O,1
1062,2788,CCCCNC(N)=O,1
1063,2790,Nc1cc(S(=O)(=O)[O-])cc2cc(S(=O)(=O)O)cc(O)c12,0
1065,2793,COCCOCCOCCOCCOCCO,0
1066,2794,O=C(O)c1cc(Cl)cc([N+](=O)[O-])c1Cl,1
1067,2796,CCCCCCCCCCCCCN1CC(C)OC(C)C1,0
1068,2799,C[n+]1ccn(CCO)c1.F[B-](F)(F)F,0
1071,2807,CC/C=C\CCCCCCCCCCOC(C)=O,0
1072,2808,CC(C)(c1ccccc1)c1cc(-n2nc3ccccc3n2)c(O)c(C(C)(C)c2ccccc2)c1,0
1073,2811,NC(=O)c1cnccn1,0
1074,2812,CCCCC(CC)COCC1CO1,0
1076,2817,CCCCCCCCBr,0
1077,2818,CCCCCCCCCCCCO,0
1078,2819,C=CCCCCCCCCCC,0
1080,2821,COCCOCCOCCO,0
1081,2835,C=C(C)C(=O)NCCCN(C)C,0
1084,2843,CO[Si](CCCn1c(=O)n(CCC[Si](OC)(OC)OC)c(=O)n(CCC[Si](OC)(OC)OC)c1=O)(OC)OC,0
1085,2844,CCC(CO)CO,0
1086,2845,CC(CN)CC(C)(C)CCN,0
1087,2847,C=Cc1ccc(OC(C)=O)cc1,1
1088,2848,CC(C)CC(C)(N)C#N,0
1089,2851,O=S(=O)([O-])c1ccc2cc(O)ccc2c1,0
1091,2855,CCCCCCCCCCCCCCCCCC(=O)OCC(O)CO,0
1092,2856,[SnH2+2],0
1095,2861,CC(=O)Nc1ccc(N)cc1,0
1096,2864,CCCCC1C(=O)N(c2ccccc2)N(c2ccccc2)C1=O,1
1097,2866,CC1=NN(c2ccccc2)C(=O)C1,1
1099,2872,CCCCCCCCCCCCCCCCCCOCCO,0
1101,2876,C1=CCC=C1,0
1103,2882,O=C1OC[C@H](Cc2cccc(O)c2)[C@H]1Cc1cccc(O)c1,1
1104,2884,CCCc1ccc(N)cc1,0
1107,2899,CC(O)C1CCCCC1,0
1108,2900,CNC1(C)C2CCC(C2)C1(C)C,0
1109,2902,CNC[C@H](O)[C@@H](O)[C@H](O)[C@H](O)CO,1
1110,2905,COc1ccc2c3c1O[C@H]1[C@@H](O)C=C[C@H]4[C@@H](C2)N(C)CC[C@]314,1
1111,2906,C[N+](C)(C)CCCCCC[N+](C)(C)C,0
1112,2908,COC(=O)C1(O)c2ccccc2-c2ccccc21,0
1113,2909,COc1ccc2c3c1O[C@H]1[C@H](O)CC[C@H]4[C@@H](C2)N(C)CC[C@@]341,0
1114,2921,CCCCN(CCCC)C(=S)[S-],1
1117,2937,CCN(CC)C(=O)C(C)Oc1cccc2ccccc12,1
1118,2938,Clc1cccc(C(Cl)(Cl)Cl)n1,1
1119,2940,CC(C)COC(=O)COc1ccc(Cl)cc1Cl,0
1120,2942,CCOC(=O)C=CC(=O)O,1
1121,2945,N#CCNCC#N,0
1123,2955,CC(=O)NCCCS(=O)(=O)[O-].CC(=O)NCCCS(=O)(=O)[O-],1
1125,2957,OCCCCO,0
1126,2959,CCCC=NO,0
1127,2972,CC(=O)OC(C)c1ccccc1,0
1129,2974,OCCCc1ccccc1,0
1130,2977,CCCC[N+]1(C)CCCC1,0
1132,2981,COc1ccc(Br)c(C)c1,0
1134,2985,O=C1OC(=O)c2c(Cl)c(Cl)c(Cl)c(Cl)c21,0
1135,2987,O=C[O-],0
1137,2993,Cc1cccc([N+](=O)[O-])c1C,0
1138,2994,Cc1ccc([N+](=O)[O-])c(C)c1,1
1139,2995,Cc1cccc(C)c1[N+](=O)[O-],1
1140,2996,Cc1ccc(C)c([N+](=O)[O-])c1,1
1141,2997,Cc1cc(C)cc([N+](=O)[O-])c1,0
1143,3001,CCC=O,0
1144,3002,O=C(O)CC(=O)O,1
1145,3004,CC(=O)C(=O)O,1
1146,3008,NCCCC[C@H](N[C@@H](CCc1ccccc1)C(=O)O)C(=O)N1CCC[C@H]1C(=O)O,0
1147,3009,CCCCC(=O)O,1
1148,3010,O=C(O)Cc1ccccc1,0
1149,3012,O=C(O)/C=C/c1c[nH]cn1,0
1150,3015,O=C(O)c1cccnc1,0
1151,3016,O=[N+]([O-])[O-].[Na+],0
1152,3018,O=C(O)CN(CC(=O)O)CC(=O)O,1
1153,3020,CC(CCC(=O)O)(c1ccc(O)cc1)c1ccc(O)cc1,1
1155,3031,O=C(O)c1ccccc1C(=O)Nc1ccc(S(=O)(=O)Nc2nccs2)cc1,0
1156,3032,CNC(=O)Oc1ccc2c(c1)[C@]1(C)CCN(C)[C@@H]1N2C,1
1157,3034,CCn1cc(C(=O)O)c(=O)c2cnc(N3CCNCC3)nc21,0
1158,3035,C=Cc1cccc(CCl)c1,1
1159,3043,CCCCCCCCCC(=O)N(C)C,0
1160,3045,Nc1nc2nc[nH]c2c(=S)[nH]1,1
1161,3047,CC1(C)C2=CCCC(C)(C)[C@]23CC[C@H]1C3,1
1163,3056,Nc1ccc(S(=O)(=O)Nc2ccccn2)cc1,0
1164,3057,Cc1cc(NS(=O)(=O)c2ccc(N)cc2)no1,0
1165,3061,CCC(C)c1cc([N+](=O)[O-])cc([N+](=O)[O-])c1O,1
1166,3063,CCCCOC(=O)c1ccccc1C(=O)OCc1ccccc1,1
1167,3065,OCCBr,1
1168,3068,CCCCCC[n+]1ccccc1.F[B-](F)(F)F,0
1169,3072,CC/C=C/CCCCCCCCCCOC(C)=O,0
1171,3081,CCCCCCCCCCCCCCCBr,0
1172,3086,CCCOC(=O)C(C)O,0
1173,3087,CC(O)CN(CCN(CC(C)O)CC(C)O)CC(C)O,0
1174,3088,CCCCCCC(C=O)=Cc1ccccc1,1
1175,3091,CC(C)(C#N)/N=N/C(C)(C)C#N,0
1176,3093,CCC(C)(C)c1cc(-n2nc3ccccc3n2)c(O)c(C(C)(C)CC)c1,0
1177,3097,CC(C)OC(=O)Cc1ccccc1,0
1178,3103,Cc1ccc([N+](=O)[O-])cc1S(=O)(=O)O,0
1179,3104,NCCc1ccc(O)cc1,1
1180,3108,CCCCCCCCC1CO1,0
1181,3117,CCOC(=O)N(C)C(=O)CSP(=S)(OCC)OCC,1
1183,3119,C=C(C)CCC[C@H](C)CCO,0
1184,3121,C=CC(C)(CCC=C(C)C)OC(=O)c1ccccc1,1
1186,3126,CCCc1ccc(O)c(OC)c1,0
1187,3132,Cn1c(=O)c2[nH]cnc2n(C)c1=O,1
1188,3134,O=[N+]([O-])C([N+](=O)[O-])([N+](=O)[O-])[N+](=O)[O-],1
1191,3138,C[N+](C)(C)C,1
1192,3141,O=C(O)c1cc(C(=O)O)cc(C(=O)O)c1,0
1194,3145,O=C(O)c1ccccc1C(=O)O,0
1195,3146,O=C(O)c1ccc(C(=O)O)c(C(=O)O)c1,0
1197,3150,O=C(O)c1ccc(S(=O)(=O)O)cc1C(=O)O,0
1198,3151,Nn1cnnc1,0
1199,3154,COc1ccnc(CS(=O)c2nc3cc(OC(F)F)ccc3[n-]2)c1OC,1
1200,3156,CC(C)[C@H](N)C(=O)OCCOCn1cnc2c(=O)[nH]c(N)nc21,0
1203,3170,CCC(=O)c1ccc(Cl)cc1,0
1205,3174,O=C(c1ccccc1)C1CCC1,1
1206,3177,CCCC1CCC(=O)CC1,0
1207,3179,[Co+2],1
1208,3181,C=C(C)C(=O)OCC,0
1209,3182,CCOS(C)(=O)=O,0
1210,3183,CC=C1CC2C=CC1C2,0
1214,3200,Cc1cc(Cl)ccc1OCC(=O)[O-],0
1216,3204,C=C(C)CC(C)(C)C,0
1219,3209,CCCC[N+]1(C)CCCCC1,0
1221,3215,CCC(C=O)CC,0
1224,3223,N#CC(Br)Br,1
1225,3229,C=C(C#N)CCC#N,1
1228,3241,COc1ccc(C)cc1N,1
1230,3258,CCCCCC1CCCC(=O)O1,0
1231,3259,N#Cc1ccc(C(=O)O)cc1,0
1232,3260,NCCc1cc[nH]n1,0
1233,3263,Cc1c(-c2ccccc2)oc2c(C(=O)OCCN3CCCCC3)cccc2c1=O,0
1234,3264,COc1cc(N)c(Cl)cc1C(=O)NC1CCN(Cc2ccccc2)CC1,0
1235,3267,CNC(C)(C)Cc1ccccc1.CNC(C)(C)Cc1ccccc1,0
1236,3271,CCC(C)c1cc(C(C)(C)C)c(O)c(C(C)(C)C)c1,1
1237,3272,C=CC(C)CCCC(C)(C)O,0
1238,3274,CC(C)(C)CC(C)(C)c1ccc(Nc2ccc(C(C)(C)CC(C)(C)C)cc2)cc1,0
1239,3275,Cc1ccccc1N,0
1240,3276,NCc1cccc(CN)c1,0
1241,3277,COC(=O)CCC(=O)OC,0
1242,3278,COP(=O)(O)OC,0
1243,3279,CNC(=O)NC,0
1244,3283,OCC(O)CN1CCN(c2ccccc2)CC1,0
1245,3287,O=c1cc(CO)occ1O,0
1247,3289,NC(=S)Nc1cccc2ccccc12,0
1248,3291,c1ccc2ccccc2c1,0
1249,3292,CCn1cc(C(=O)O)c(=O)c2ccc(C)nc21,0
1250,3294,CS(=O)(=O)OCCCCOS(C)(=O)=O,1
1251,3297,O=C(O)Cc1cccc2ccccc12,1
1252,3300,CCCSSCCC,0
1253,3305,NC[C@H]1O[C@H](O[C@@H]2[C@@H](N)C[C@@H](N)C(O)[C@H]2O[C@@H]2O[C@H](CO)[C@@H](O)[C@H]2O)[C@H](N)[C@@H](O)[C@@H]1O,0
1254,3309,Nc1cc(C(Cl)=C(Cl)Cl)c(S(N)(=O)=O)cc1S(N)(=O)=O,0
1256,3317,CC1OC(C)OC(C)O1,0
1258,3319,NCCCN(CCO)CCO,0
1259,3322,O=C([O-])C1=NN(c2ccc(S(=O)(=O)O)cc2)C(=O)C1,0
1260,3324,NC(=O)C(Cl)(Cl)Cl,1
1263,3331,C[C@@H]1O[C@@H](OC[C@H]2O[C@@H](Oc3c(-c4ccc(O)c(O)c4)oc4cc(O)cc(O)c4c3=O)[C@H](O)[C@@H](O)[C@@H]2O)[C@H](O)[C@H](O)[C@H]1O,1
1264,3332,CCNCCO,1
1265,3333,C1CCCCC1,0
1268,3338,FB(F)F,0
1270,3343,CC(C)c1ccc2c(C(C)C)cc(C(C)C)c(S(=O)(=O)[O-])c2c1,1
1271,3349,CN(C)N=O,0
1272,3351,CCN(CC)N=O,1
1273,3358,O=C(O)CCCc1ccc(N(CCCl)CCCl)cc1,1
1274,3359,Nc1cc(Cl)cc(C(=O)O)c1Cl,0
1275,3360,O=C(N[C@H](CO)[C@H](O)c1ccc([N+](=O)[O-])cc1)C(Cl)Cl,0
1276,3365,CCCn1cc[n+](C)c1.F[B-](F)(F)F,0
1277,3368,CCCC[P+](CC)(CCCC)CCCC.CCOP(=O)([O-])OCC,0
1280,3379,O=C1c2ccccc2C(=O)N1CO,0
1281,3383,CCn1cc(C(=O)O)c(=O)c2cnc(N3CCCC3)nc21,0
1282,3391,CCN1CCCC1=O,0
1283,3394,ClC(Cl)C(Cl)Cl,0
1285,3399,O=C=NCCCCCCN=C=O,0
1287,3402,O=C(OC(=O)c1ccccc1)c1ccccc1,0
1290,3407,CN(C)C(=O)Nc1ccccc1,0
1291,3408,Nc1nc(N)nc(Cl)n1,0
1292,3416,COC(=O)c1cc(Cl)ccc1[N+](=O)[O-],0
1293,3424,Cc1cc(CCC(=O)OCCOCCOCCOC(=O)CCc2cc(C)c(O)c(C(C)(C)C)c2)cc(C(C)(C)C)c1O,1
1294,3425,OCCSCSCCO,0
1295,3426,C=CC(=O)N1CCOCC1,0
1296,3427,C[N+](C)(C)CC(=O)[O-],0
1297,3430,Cl[Zr](Cl)(C1=CC=CC1)C1C=CC=C1,0
1298,3434,O=S1(=O)OC(c2ccc(O)cc2)(c2ccc(O)cc2)c2ccccc21,1
1299,3436,C=C(C)C(=O)OCC1CO1,0
1300,3437,COc1ccc(C(=O)c2ccccc2O)c(O)c1,1
1301,3438,O=C(c1ccccc1O)c1ccccc1O,1
1302,3439,COc1ccc(C(=O)c2ccccc2)c(O)c1,1
1303,3443,CC1(C)CCC(=Cc2ccc(Cl)cc2)C1(O)Cn1cncn1,1
1304,3444,C=C(C)CN(CC)c1c([N+](=O)[O-])cc(C(F)(F)F)cc1[N+](=O)[O-],1
1305,3445,CC(=O)[C@H]1CC[C@H]2[C@@H]3CC=C4C[C@@H](O)CC[C@]4(C)[C@H]3CC[C@]12C,1
1306,3447,Cc1cccc(C)c1NC(=O)C(C)N,0
1307,3451,COC1=CC(=O)OC(CCc2ccccc2)C1,0
1308,3452,COc1cc(OC)nc(NC(=O)NS(=O)(=O)c2ncccc2C(=O)N(C)C)n1,0
1309,3454,CCCCCCCCC(=O)NCc1ccc(O)c(OC)c1,1
1310,3457,CC(=O)[O-].[Na+],0
1313,3466,N#Cc1ccc(C(c2ccc(C#N)cc2)n2cncn2)cc1,1
1314,3467,CCCCCCCCCCCC(=O)O[Sn](CCCC)(CCCC)OC(=O)CCCCCCCCCCC,1
1316,3471,CC12CC1(C)C(=O)N(c1cc(Cl)cc(Cl)c1)C2=O,0
1317,3474,CC(=O)OC/C=C(\C)CC/C=C(\C)CCC=C(C)C,1
1318,3475,N[C@H]1C(O)O[C@H](CO)[C@@H](O)[C@@H]1O,1
1321,3480,CN(C)CCC#N,0
1323,3482,CC(C)=CCCC(C)=CC(=O)O,0
1325,3494,O=C(O)CNC(=O)c1ccccc1I,0
1329,3501,C/C=C(\C)C(=O)OCC/C=C\CC,0
1332,3505,CC(=O)O[C@@H]1CC2CCC1(C)C2(C)C,0
1333,3506,COC(=O)c1ccccc1N,0
1335,3512,CC1(C)S[C@@H]2[C@H](NC(=O)Cc3ccccc3)C(=O)N2[C@H]1C(=O)O.CC1(C)S[C@@H]2[C@H](NC(=O)Cc3ccccc3)C(=O)N2[C@H]1C(=O)O.c1ccc(CNCCNCc2ccccc2)cc1,0
1337,3515,CC(CN(C)C)C(C)(O)Cc1ccc(Cl)cc1,0
1339,3530,CN1C(C(=O)Nc2ccccn2)=C(O)c2sccc2S1(=O)=O,1
1342,3545,CCSC(=O)N(CC)CC,0
1343,3546,CCCCc1c(C)nc(NCC)nc1O,0
1344,3547,CCCCC(CC)COCCO,0
1346,3549,CC(=O)CC(c1ccccc1)c1c([O-])c2ccccc2oc1=O,1
1348,3563,FC(F)(F)c1ccccc1Cl,0
1351,3568,FC(F)(F)c1cccc(Cl)c1,0
1352,3570,C1COCCO1,0
1356,3576,CC(=O)CCCCn1c(=O)c2c(ncn2C)n(C)c1=O,0
1358,3581,COc1nc(NC(C)C)nc(NC(C)C)n1,0
1359,3582,CC(C)(Oc1ccc(CCNC(=O)c2ccc(Cl)cc2)cc1)C(=O)O,1
1361,3586,Cc1ccc(N)cc1C,1
1362,3590,COc1cccc([C@@]2(O)CCCC[C@@H]2CN(C)C)c1,0
1363,3592,CCOC(=O)CC(SP(=O)(OC)OC)C(=O)OCC,1
1364,3593,O=c1ccc(=O)[nH][nH]1,0
1365,3594,S=C([S-])NCCNC(=S)[S-].[Mn+2],1
1366,3598,Cc1ccccc1S(=O)(=O)[O-],0
1367,3599,CC(=O)O[AlH3](O)OC(C)=O,1
1368,3601,CCCN(CC1CC1)c1c([N+](=O)[O-])cc(C(F)(F)F)cc1[N+](=O)[O-],1
1370,3610,COc1cc(CNC(=O)CCCC/C=C/C(C)C)ccc1O,1
1373,3614,NC(=O)NNc1ccccc1,0
1375,3616,CNC(=O)Oc1cccc2c1OC(C)(C)C2,1
1376,3624,CCn1cc[n+](C)c1,0
1382,3646,O=Nc1ccc(O)cc1,1
1383,3649,O=C(Cn1ccnc1[N+](=O)[O-])NCc1ccccc1,0
1384,3655,CC(O)(P(=O)(O)O)P(=O)(O)O,0
1387,3666,Clc1ccc(C(Cl)(Cl)Cl)cc1,1
1388,3667,CCCCCCCCS(=O)(=O)[O-],0
1389,3671,CC(C)OB(OC(C)C)OC(C)C,0
1390,3676,CCC(O)OCC(C)OC(O)CC,0
1391,3677,COc1ccc(/C=N/NC(=O)c2ccncc2)cc1OC,1
1392,3681,CC[C@@]1(c2ccccc2)NC(=O)N(C)C1=O,0
1393,3682,COC(=O)c1ccccc1CS(=O)(=O)NC(=O)Nc1nc(OC)cc(OC)n1,0
1394,3683,O=C1C=CC(=O)O1,0
1396,3691,O=S1(=O)CCCO1,0
1397,3692,CCC(C)(CCC(C)C)C(=O)[O-].CCC(C)(CCC(C)C)C(=O)[O-].[Zn+2],0
1399,3696,CCCCCCCCCCCC(=O)OCC,0
1403,3715,NS(=O)(=O)c1cc2c(cc1C(F)(F)F)NC(Cc1ccccc1)NS2(=O)=O,0
1405,3717,CCC1(CC)C(=O)NC(=O)NC1=O,0
1408,3721,CC(C)(c1cc(Br)c(O)c(Br)c1)c1cc(Br)c(O)c(Br)c1,1
1409,3728,C=CCc1cc(OC)c2c(c1)OCO2,0
1410,3730,CS(C)=O,1
1411,3731,CO,0
1412,3732,CCCO,0
1413,3734,c1ccc2cc(CC3=NCCN3)ccc2c1,0
1414,3737,Cc1c(C)c2c(c(C)c1O)CC[C@@](C)(CCC[C@H](C)CCC[C@H](C)CCCC(C)C)O2,0
1415,3739,Cc1cccc(C)c1OCC(C)N,0
1416,3741,Nc1ccc(Cc2ccc(N)cc2)cc1,1
1417,3743,COc1ccc2[nH]cc(CCNC(C)=O)c2c1,1
1422,3764,C1CCN2C[C@@H]3C[C@@H](CN4CCCC[C@H]34)[C@@H]2C1,0
1423,3765,C[C@H]1CN(c2c(F)c(N)c3c(=O)c(C(=O)O)cn(C4CC4)c3c2F)C[C@@H](C)N1,1
1424,3768,CCCCOC(=O)CCCCCCCCC(=O)OCCCC,0
1425,3770,O=C([O-])c1ccccc1Nc1cc(Cl)ccc1C(=O)[O-],1
1427,3772,Oc1ccc2ccccc2c1,1
1428,3773,CCCCCCCCCCCC(=O)N(C)CC(=O)[O-],0
1429,3774,CCC(C)CO,1
1431,3776,O=C1[N-]C(=O)C(c2ccccc2)(c2ccccc2)N1,0
1432,3777,O=C(OCC1(COC(=O)c2cccnc2)CCCC(COC(=O)c2cccnc2)(COC(=O)c2cccnc2)C1O)c1cccnc1,0
1433,3784,COc1ccc(C(C)=O)cc1,1
1434,3785,COc1cc(Cl)ccc1Cl,0
1435,3786,CC(=O)CC(=O)N(C)C,0
1436,3787,Cc1cccc(C)c1NC(=O)CN1CCCCCC1,0
1438,3795,COC(CC(C)CCCC(C)(C)O)OC,0
1440,3800,CCOC(=O)CC1(C)OCC(C)O1,0
1441,3801,O=C(O)CCCCC1CCSS1,1
1442,3805,C=CC(C)(O)CCC=C(C)C,0
1443,3806,C=CC(C)(CCC=C(C)C)OC(=O)c1ccccc1N,0
1444,3807,CCCCC/C=C\C/C=C\CCCCCCCC(=O)O,1
1445,3808,CC/C=C\C/C=C\C/C=C\CCCCCCCC(=O)O,1
1448,3811,CCCC[n+]1ccccc1,0
1449,3812,CCCCn1cc[n+](C)c1,0
1450,3813,CCCC[N+]1(C)CCCC1,0
1451,3815,CSc1ccc(C=O)cc1,0
1453,3818,CCCOCCC,0
1455,3827,O=C([O-])C(=O)[O-].[Ca+2],0
1456,3829,CCc1cccc(CC)c1N,0
1457,3830,O=C([O-])c1ccccc1,0
1458,3834,CC(C)N1C(=O)c2ccccc2NS1(=O)=O,1
1459,3839,O=C(C(Cl)Cl)N1CCOC12CCCCC2,1
1460,3843,CC(C)c1cccc(O)c1,1
1461,3844,NCCN,0
1462,3846,OCCC(F)(F)C(F)(F)C(F)(F)C(F)(F)C(F)(F)C(F)(F)F,0
1463,3847,COc1ccc(CCN(C)CCCC(C#N)(c2cc(OC)c(OC)c(OC)c2)C(C)C)cc1OC,0
1467,3859,CN(C)C(=O)Cl,0
1468,3860,Cc1cc(-c2ccc(N)c(C)c2)ccc1N,1
1469,3864,CN/C(=C\[N+](=O)[O-])NCCSCc1ccc(CN(C)C)o1,0
1471,3869,COc1ccccc1OCC(O)CN1CCN(CC(=O)Nc2c(C)cccc2C)CC1,0
1472,3871,C[C@]12CC[C@@H]3c4ccc(O)cc4CC[C@H]3[C@@H]1CCC2=O,1
1473,3872,C[C@]12CC[C@@H]3c4ccc(O)cc4CC[C@H]3[C@@H]1C[C@@H](O)[C@@H]2O,1
1475,3877,C#C[C@]1(O)CC[C@H]2[C@@H]3CCC4=CC(=O)CC[C@]4(C)[C@H]3CC[C@@]21C,1
1478,3885,NC(=O)Nc1ccccc1,0
1480,3890,CCN(Cc1ccncc1)C(=O)C(CO)c1ccccc1,1
1481,3891,CC(C)(C)C1CCC(O)CC1,0
1482,3892,O=c1[nH]cnc2c1ncn2[C@H]1CC[C@@H](CO)O1,0
1483,3893,CCc1nc(C)c[nH]1,0
1484,3895,CC1(C)C(=O)C(C)(C)C1=O,0
1485,3904,CCCCCCCCCCCCc1ccccc1,0
1488,3912,O=[N+]([O-])c1ccc2ncccc2c1,1
1489,3913,O=[N+]([O-])c1cccc2cccnc12,1
1490,3916,O=c1[nH]cc(F)c(=O)[nH]1,1
1491,3918,Cn1c(CCCC(=O)O)nc2cc(N(CCCl)CCCl)ccc21,1
1492,3925,C[N+](C)(C)CC[N+]1(C)Cc2c(Cl)c(Cl)c(Cl)c(Cl)c2C1,1
1494,3928,CCc1ccccc1CC,0
1496,3932,Cn1cc(-c2ccccc2)c(=O)c(-c2cccc(C(F)(F)F)c2)c1,0
1497,3933,c1ccc2c(c1)Cc1ccccc1-2,0
1498,3934,c1ccc2c(c1)-c1cccc3cccc-2c13,1
1499,3935,CC(=O)CC(C)(C)C1CCCCC1,0
1500,3938,CC(C)C(O)(c1ccc(OC(F)(F)F)cc1)c1cncnc1,0
1501,3943,CCNc1nc(NC(C)CC)nc(OC)n1,1
1502,3944,CCNc1nc(NCC)nc(SC)n1,0
1503,3946,CC(=O)OC/C=C(/C)CCC=C(C)C,0
1504,3947,CCCC(=O)C(C)=O,0
1505,3949,O=C(O)CCc1ccccc1,0
1507,3951,CCC/C=C/CO,0
1509,3953,CCCCCCCCCCCCCCCCC,1
1511,3956,CCC(C)c1nccnc1OC,0
1517,3973,CCCNC(C)(C)COC(=O)c1ccccc1,1
1518,3976,CC(=O)OC[C@H]1O[C@H](O[C@]2(COC(C)=O)O[C@H](COC(C)=O)[C@@H](OC(C)=O)[C@@H]2OC(C)=O)[C@H](OC(C)=O)[C@@H](OC(C)=O)[C@@H]1OC(C)=O,0
1520,3979,Cc1cc(O)ccc1Cl,1
1521,3981,c1ccc(CC2=NCCN2)cc1,0
1522,3991,C=C(C)C(=O)OCc1ccccc1,0
1525,3994,Cc1ccn2nc(S(=O)(=O)Nc3c(F)cccc3F)nc2n1,0
1526,3996,CCCSP(=O)(OCC)SCCC,0
1530,4009,O=C(Oc1ccccc1C(=O)O)c1ccccc1O,1
1531,4013,Cc1ccc(/C(=C\CN2CCCC2)c2ccccn2)cc1,0
1533,4015,COc1cc(Cc2cnc(N)nc2N)cc(OC)c1OC,0
1534,4018,CCOP(=S)(OCC)Oc1cnc2ccccc2n1,1
1535,4020,NC1CCC(CC2CCC(N)CC2)CC1,0
1536,4021,N#C/C(N)=C(/N)C#N,1
1538,4025,CC(CCl)OC(C)CCl,0
1539,4026,OCC(CO)(CBr)CBr,0
1540,4029,ClCCOCCCl,0
1541,4030,O=C(O)CN(CCN(CC(=O)O)CC(=O)O)CC(=O)O,0
1542,4031,Nc1c2c(nc3ccccc13)CCCC2,1
1543,4032,CNC(=O)c1ccccc1,1
1544,4035,CCCCCCCCCCCCCCCl,0
1545,4037,COc1ccc(Cl)cc1C,0
1547,4052,O=C(CCCN1CC=C(n2c(=O)[nH]c3ccccc32)CC1)c1ccc(F)cc1,0
1549,4055,OCCSCCO,0
1550,4058,O=C(NCc1cccnc1)Nc1ccc([N+](=O)[O-])cc1,1
1551,4060,CCOc1ccc2c(c1)C(C)CC(C)(C)N2,1
1552,4061,CC(=O)NCc1c(I)c(NC(C)=O)c(I)c(C(=O)O)c1I,1
1553,4064,O=C(O)c1c(Cl)ccc(Cl)c1Cl,1
1554,4065,O=C(O)CC(Cl)C(=O)O,1
1555,4069,C=C(C)C1CC=C(C)C(OC(C)=O)C1,0
1556,4070,C=C1CCC=C(C)CC[C@@H]2[C@@H]1CC2(C)C,0
1557,4071,CCCC(C)(COC(N)=O)COC(=O)NC(C)C,0
1559,4073,CCCCCCCCCCCCCCCO,0
1561,4077,CC1=CC(=O)CC(C)(C)C1,0
1563,4079,NNC(=O)c1ccncc1,1
1566,4082,CC(C)CON=O,0
1568,4084,FC(F)OC(Cl)C(F)(F)F,0
1571,4094,CCCCC#N,0
1572,4097,CCn1cc[n+](C)c1.N#C[S-],0
1574,4104,CN(C)c1nc(=O)n(C2CCCCC2)c(=O)n1C,0
1575,4105,CCCCCCOC(=O)c1ccccc1C(=O)OCCCCCC,1
1576,4109,C#C[C@]1(O)CC[C@H]2[C@@H]3CCC4=CC(=O)CC[C@@H]4[C@H]3CC[C@@]21C,1
1577,4111,C[C@]12CC[C@@H]3c4ccc(O)cc4CC[C@H]3[C@@H]1CC[C@@H]2O,1
1578,4114,CCc1cc(C(N)=S)ccn1,1
1579,4115,C#C[C@]1(O)CC[C@H]2[C@@H]3CCc4cc(O)ccc4[C@H]3CC[C@@]21C,1
1580,4117,CN/C(=N\[N+](=O)[O-])NCc1cnc(Cl)s1,0
1582,4120,NC(N)=Nc1nc(CSCC/C(N)=N\S(N)(=O)=O)cs1,0
1583,4122,C=C1C[C@@H]2[C@H](CC[C@]3(C)C(=O)CC[C@@H]23)[C@@]2(C)C=CC(=O)C=C12,1
1585,4129,CO[C@H]1O[C@H](CO)[C@@H](O)[C@H](O)[C@H]1O,0
1586,4132,O=C1OCCO1,0
1590,4141,CC(O)CCl,0
1591,4145,CCCCN(CCC(=O)OCC)C(C)=O,0
1592,4148,Cc1cc(Cl)ccc1N,1
1594,4155,C=CC(=O)OC(C)(C)C,0
1595,4157,N#C[S-],0
1597,4161,Cc1cccnc1,0
1599,4163,Cc1ccncc1,0
1602,4167,CNC(=S)NC,0
1603,4169,O=C1CCC(=O)N1Cl,0
1604,4170,CCCCNS(=O)(=O)c1ccc(C)cc1,0
1605,4174,Cc1ccc2c(c1)C(=O)OC2=O,0
1606,4176,CNC(C)Cc1ccccc1OC,0
1609,4179,CC1CC(C)C(=O)C1=O,0
1610,4180,CC(=O)SCc1ccco1,1
1611,4181,Cc1ccc(C(C)NC(=O)[C@@H](NC(=O)OC(C)C)C(C)C)cc1,0
1613,4183,Brc1c(Br)c(Br)c(Br)c(Br)c1Br,1
1614,4184,CCCCCCCCCCC=CC#N,0
1616,4189,CC1=NN(c2cc(Cl)c(S(=O)(=O)[O-])cc2Cl)C(=O)C1/N=N/c1ccc(S(=O)(=O)[O-])cc1,0
1617,4191,CC1(C)[C@@H](O[C@H]2O[C@H](C(=O)O)[C@@H](O)[C@H](O)[C@H]2O[C@@H]2O[C@H](C(=O)O)[C@@H](O)[C@H](O)[C@H]2O)CC[C@@]2(C)[C@H]1CC[C@]1(C)[C@@H]2C(=O)C=C2[C@@H]3C[C@@](C)(C(=O)O)CC[C@]3(C)CC[C@]21C,1
1618,4192,ClCCOCCOCCCl,0
1619,4204,CCC(C)(Oc1ccc(C2(c3ccc(OC(C)(CC)C(=O)O)cc3)CCCCC2)cc1)C(=O)O,0
1620,4210,COC(=O)c1ccccc1O,0
1621,4211,Cc1ccc2ccc3cccc4ccc1c2c34,1
1623,4214,CC(C)(C#N)c1cc(Cn2cncn2)cc(C(C)(C)C#N)c1,1
1624,4215,CC(C)Cc1nccs1,0
1625,4217,CCN(CC)CCNC(=O)c1ccc(NC(C)=O)cc1,0
1626,4219,COP(=O)(OC)OC(c1ccc(Cl)cc1)P(=O)(OC)OC,0
1627,4220,CC1(N)CCC(C(C)(C)N)CC1,1
1628,4222,CCC(CC)(CC(=O)Nc1cccc(/C=C/c2nc(C3CCC3)cs2)c1)C(=O)O,1
1629,4223,Cc1cc2nc3c(=O)[nH]c(=O)nc-3n(C[C@H](O)[C@H](O)[C@H](O)CO)c2cc1C,1
1630,4225,Cc1c[nH]c2ccccc12,0
1631,4226,c1cc2c3c(cccc3c1)CC2,0
1633,4229,NC(=O)CF,0
1634,4230,CC(C)(C)Cl,1
1635,4232,CCCCCCCCCCCCSC,0
1636,4234,O=C1CCCN1CCO,0
1637,4239,CCCCC(CC)CO[PH](=O)OCC(CC)CCCC,0
1638,4242,CCn1cc(C(=O)O)c(=O)c2cc(F)c(N3CCNC(C)C3)c(F)c21,0
1639,4244,O=C(NCC(O)CO)c1c(I)c(C(=O)NCC(O)CO)c(I)c(N(CCO)C(=O)CO)c1I,0
1642,4249,CCCCCCCC/C=C\CCCCCCCC(=O)OC[C@@H](O)[C@H]1OC[C@H](O)[C@H]1O,0
1644,4258,CC1=C(/C=C/C(C)=C/C=C/C(C)=C/CO)C(C)(C)CCC1,1
1645,4262,CCCCOCCOCCOC(C)=O,0
1647,4268,CCCC(CCC)C(=O)O,0
1649,4273,CCN(CC)CCOC(=O)c1ccc(N)cc1,0
1650,4274,CC(=O)C1CCOC1=O,0
1653,4281,O=C(O)c1ccccc1,1
1654,4282,O=C(c1ccccc1)C(O)c1ccccc1,0
1655,4283,O=C1C=CC(=O)C=C1,1
1656,4284,c1ccc2sc(SSc3nc4ccccc4s3)nc2c1,1
1657,4285,c1ccc2[nH]nnc2c1,1
1658,4286,ClC(Cl)(Cl)c1ccccc1,1
1659,4288,CS(=O)(=O)Nc1ccc([N+](=O)[O-])cc1Oc1ccccc1,1
1660,4290,CCCC/C=C/C=C\C=O,1
1663,4298,NCCCN1CCOCC1,0
1664,4301,CC1(C)CC(=O)CC(C)(C)N1,0
1665,4302,O=C(O)C(O)C(O)C(=O)O,0
1666,4306,O=c1c2ccccc2c(=O)c2c1cc(Cl)c1[nH]c3c([nH]c12)c(Cl)cc1c(=O)c2ccccc2c(=O)c13,1
1667,4308,CCC(C(=O)OCCOCCN(CC)CC)c1ccccc1.O=C(O)CC(O)(CC(=O)O)C(=O)O,0
1668,4311,Cc1ccc(S(=O)(=O)NC(=O)NC2CCCCC2)cc1,0
1669,4313,NS(=O)(=O)c1ccc(NC(=O)CCC(=O)O)cc1,0
1672,4317,CC[C@@H]1C[C@H](N(Cc2cc(C(F)(F)F)cc(C(F)(F)F)c2)C(C)=O)c2cc(C(F)(F)F)ccc2N1C(=O)OC(C)C,1
1673,4320,CC(Cc1ccc(OCC(=O)O)cc1)NCC(O)c1csc(C(F)(F)F)n1,0
1674,4328,CN1[C@H]2CC[C@@H]1C[C@H](OC(=O)C(CO)c1ccccc1)C2.CN1[C@H]2CC[C@@H]1C[C@H](OC(=O)C(CO)c1ccccc1)C2,0
1675,4330,Cc1c(C(=O)NCCO)[n+]([O-])c2ccccc2[n+]1[O-],0
1676,4331,OC(Cn1cncn1)(c1ccc(F)cc1)c1ccccc1F,1
1677,4333,NC(=O)c1ccc([N+](=O)[O-])cc1,0
1678,4334,CCCO[Si](OCCC)(OCCC)OCCC,0
1679,4338,CCCC(=O)Cl,0
1680,4339,CCCCCCCCCl,1
1681,4340,Oc1ccccc1Cl,0
1682,4342,O=C(O)CCCl,0
1683,4344,COc1ccc(OC)c(C(O)CNC(=O)CN)c1,0
1684,4345,CSc1cnccn1,0
1686,4347,CCCCCCCCCCOC(=O)c1ccccc1C(=O)OCCCCCCCC,0
1687,4348,CC(C)OC=O,1
1688,4349,N#Cc1cccc(C#N)c1,0
1689,4350,CCOC(=O)/C=C/C(=O)OCC,1
1690,4352,c1ccc(Cc2ccccc2)cc1,0
1692,4354,Cc1nnc(C(=O)NC(C)(C)c2nc(C(=O)NCc3ccc(F)cc3)c(O)c(=O)n2C)o1,0
1695,4360,N#Cc1c(F)cccc1F,0
1696,4362,S=C=S,0
1698,4370,CCOC(=O)c1ccc(OCCN2C[C@H](O)[C@@H](O)[C@H](O)[C@H]2CO)cc1,0
1699,4379,c1ccc(OP(Oc2ccccc2)Oc2ccccc2)cc1,0
1700,4380,CC(CCl)OP(=O)(OC(C)CCl)OC(C)CCl,0
1702,4382,CCOC(=O)OCC,0
1703,4386,CCOP(=S)(OCC)SCCSCC,0
1704,4387,COCCOCCO,0
1707,4390,CCCCCCCC/C=C\CCCCCCCCO,0
1708,4392,ClC(Cl)(Cl)Br,0
1710,4394,CC(C(=O)O)c1cccc(C(=O)c2ccccc2)c1,0
1711,4396,C=C(C)[C@H]1CC=C(C)CC1,0
1713,4402,O=CC1CC=CCC1,0
1714,4403,CS(=O)(=O)c1ccc(C(=O)C2C(=O)CCCC2=O)c([N+](=O)[O-])c1,1
1715,4406,N#Cc1cccnc1,1
1717,4410,COc1c2occc2c(OC)c2c(=O)cc(C)oc12,1
1718,4411,Nc1ccc(S(=O)(=O)Nc2ccc(Cl)nn2)cc1,0
1719,4413,O=CC=O,1
1720,4414,CC1CCC(C(C)C)C(O)C1,0
1721,4415,CN(C)CCOC(C)(c1ccccc1)c1ccccn1.O=C(O)CCC(=O)O,1
1722,4416,Sc1nc2ccccc2s1,1
1723,4419,Cc1cnc(NC(=O)C2=C(O)c3ccccc3S(=O)(=O)N2C)s1,1
1724,4420,Nc1nc(N)nc(N)n1,0
1727,4428,CCC(C(N)=O)N1CCCC1=O,1
1729,4432,Nc1ccc(NCCO)c([N+](=O)[O-])c1,1
1730,4438,CCCCCCCCCCCCCCCCCCCl,0
1732,4441,CC(C)(C)C(=O)C(Cl)Cl,0
1733,4443,CCCCCCC(CCCCCCCCCCC(=O)OCC(COC(C)=O)OC(C)=O)OC(C)=O,0
1734,4446,COc1ccc(C(CN(C)C)C2(O)CCCCC2)cc1,0
1736,4450,CC1C(C)(C)C2=C(C(=O)CCC2)C1(C)C,0
1738,4457,OC[C@H](O)[C@@H](O)[C@H](O[C@@H]1O[C@H](CO)[C@H](O)[C@H](O)[C@H]1O)[C@H](O)CO,0
1740,4465,C[N+]12CCC(CC1)C(OC(=O)C(O)(c1ccccc1)c1ccccc1)C2,0
1743,4474,O=S(=O)([O-])[S-],0
1744,4475,CC(=O)NS(=O)(=O)c1ccc(N)cc1,0
1745,4477,CN(N=O)C(=O)N[C@H]1[C@@H](O)O[C@H](CO)[C@@H](O)[C@@H]1O,0
1748,4480,Nc1ccc(S(=O)(=O)Nc2nccs2)cc1,1
1749,4481,C=Cc1ccccc1,0
1752,4496,CCc1cccc(O)c1,0
1754,4500,O=C(NCCN1CCOCC1)c1ccc(Cl)cc1,1
1758,4519,CN1[C@H]2CC[C@@H]1C[C@H](OC(=O)C(O)c1ccccc1)C2,1
1759,4523,CC(O)Cn1cnc2c1c(=O)n(C)c(=O)n2C,0
1760,4524,O=NN(CCO)CCO,0
1762,4526,C#CC1(O)CCCCC1,0
1763,4527,Nc1cccc2c(O)nnc(O)c12,0
1764,4529,CC(=O)CN(CC(C)=O)N=O,0
1765,4531,CC(=O)C(C)(C)C,0
1766,4533,CC(C)CO,0
1768,4544,COc1ccccc1OCC(O)COC(N)=O,0
1769,4550,CCCC/C=C\CCCCCCCCCC=O,1
1770,4552,CCC1(CC)C(=O)N=C([O-])NC1=O,0
1771,4554,COP(=S)(OC)SCn1nnc2ccccc2c1=O,1
1772,4555,c1ccc(N=Nc2ccccc2)cc1,1
1774,4558,Cc1cn([C@H]2C[C@H](N=[N+]=[N-])[C@@H](CO)O2)c(=O)[nH]c1=O,1
1775,4562,N#CCc1ccc(Cl)cc1Cl,0
1776,4569,O=C(O)COc1ccccc1,0
1777,4575,Cc1cc(C)c(NC(=O)CN(CC(=O)O)CC(=O)O)c(C)c1Br,0
1779,4580,CCCCCCCCCCCCCC(=O)OC(C)C,0
1780,4581,CC(=O)OC1CCCCC1C(C)(C)C,0
1781,4599,ON=CC=NO,0
1782,4608,CN(C(=O)Cc1cccc2occc12)[C@H]1CC[C@@]2(CCCO2)C[C@@H]1N1CCCC1,0
1784,4613,CC(C)(C)c1ccc(C(=O)O)cc1,0
1786,4619,CCOCCO,0
1787,4620,O=P(O)(O)CCCl,0
1788,4621,O=P(OCCCl)(OCCCl)OCCCl,0
1789,4622,CCCCC(CC)COP(=O)(OCC(CC)CCCC)OCC(CC)CCCC,1
1790,4623,O=Cc1ccc(CO)o1,0
1791,4627,NC(=O)C(Cl)Cl,0
1792,4630,COC(=O)c1ccc(C(=O)OC)c(C(=O)OC)c1,0
1793,4632,CCOC(=O)/C=C(/C)O[AlH3](OC(C)CC)OC(C)CC,0
1795,4634,C=CC(=O)OCCCCCCCC,0
1797,4636,O=c1n(CCCN2CCN(c3cccc(Cl)c3)CC2)nc2ccccn12,1
1798,4637,O=C(COCCOCCOCC(=O)Nc1c(I)cc(I)c(C(=O)O)c1I)Nc1c(I)cc(I)c(C(=O)O)c1I,0
1799,4638,O=C(O)Cc1cccc(-c2cc(CCCCCCc3ccc(O[C@H]4O[C@H](CO)[C@@H](O)[C@H](O)[C@@H]4O)c(-c4cccc(CC(=O)O)c4)c3)ccc2O[C@H]2O[C@H](CO)[C@@H](O)[C@H](O)[C@@H]2O)c1,0
1801,4644,CCCCNc1ccc(C(=O)OCC[NH+](CC)CC)cc1,1
1802,4651,C#CCN[C@@H]1CCc2ccccc21,0
1804,4661,O=C(O)c1ccc2c(c1)C(=O)OC2=O,0
1805,4663,C1=CC2C3C=CC(C3)C2C1,0
1807,4666,C=CC(N)=O,0
1808,4669,C=CC=O,1
1809,4670,CC(=O)Nc1ccc(CC(=O)O)cc1,0
1810,4672,C=CC#N,0
1812,4681,CC(C)(C)C(O)(CCc1ccc(Cl)cc1)Cn1cncn1,1
1813,4683,O=[N+]([O-])/N=C1\NCCN1Cc1ccc(Cl)nc1,0
1814,4684,OC(c1ccccc1)(c1ccccc1)C1CCNCC1,0
1815,4685,O=C(O)CCC(=O)Nc1ccc(S(=O)(=O)Nc2nccs2)cc1,0
1817,4689,O=C(Cl)c1cccc(C(=O)Cl)c1,0
1818,4690,O=C(O)c1ccc(O)cc1,0
1821,4697,O=C(O)C(Br)Br,1
1822,4702,Cn1cc[nH]c1=S,1
1823,4704,CC(=O)Nc1c(I)cc(I)c(C(=O)O)c1I,0
1824,4705,CCn1cc(C(=O)O)c(=O)c2cc(F)c(N3CCNCC3)cc21,0
1825,4714,O=C([O-])P(=O)([O-])[O-],1
1827,4717,C=CS(=O)(=O)[O-],0
1829,4721,CC1(C)CC(O)CC(C)(C)N1[O],0
1831,4729,Nc1ccc(C(=O)[O-])c(O)c1,0
1832,4730,C1CCC(SSC2CCCCC2)CC1,0
1833,4732,CC(=O)c1nccs1,1
1834,4733,C=CCCCCCCCCC(=O)OCCCC,0
1839,4748,Cc1cc(NS(=O)(=O)c2ccc(N)cc2)nc(C)n1,0
1841,4750,CC(=O)OCC(=O)[C@@]1(O)CC[C@H]2[C@@H]3CCC4=CC(=O)CC[C@]4(C)[C@H]3C(=O)C[C@@]21C,1
1842,4753,C[C@]12CC(=O)[C@H]3[C@@H](CCC4=CC(=O)CC[C@@]43C)[C@@H]1CC[C@]2(O)C(=O)CO,1
1843,4757,O=c1nc([O-])n(Cl)c(=O)n1Cl,0
1844,4760,COC(=O)c1ccc(C=O)cc1,0
1845,4761,Cc1ccco1,1
1846,4762,CC(C#N)CCC#N,0
1847,4766,Cc1c[nH]cn1,0
1848,4768,Cn1c(=O)c2c(ncn2C)n(C)c1=O.O=C(O)CC(O)(CC(=O)O)C(=O)O,0
1850,4776,COc1c(N2CCNC(C)C2)c(F)cc2c(=O)c(C(=O)O)cn(C3CC3)c12,1
1853,4797,CC(C)C(=O)c1c(C(C)C)nn2ccccc12,0
1854,4805,CCCCOCC1CO1,0
1856,4809,O=C1[N-]C(=O)c2ccccc21,0
1857,4810,C=C[Si](OCCOC)(OCCOC)OCCOC,0
1858,4811,CCCCCCCCCCCl,0
1859,4812,CC(C)[N+](C)(CCOC(=O)C1c2ccccc2Oc2ccccc21)C(C)C,1
1863,4820,CN(N=O)C(N)=O,1
1864,4825,CC[C@H]1OC(=O)[C@H](C)[C@@H](O[C@H]2C[C@@](C)(OC)[C@@H](O)[C@H](C)O2)[C@H](C)[C@@H](O[C@@H]2O[C@H](C)C[C@H](N(C)C)[C@H]2O)[C@](C)(O)C[C@@H](C)C(=NOCOCCOC)[C@H](C)[C@@H](O)[C@]1(C)O,0
1865,4826,CCC(=O)c1ccccc1,0
1866,4828,CCOC(=O)C(=O)OCC,0
1867,4829,O=S(=O)(O)c1ccc(Cl)cc1,0
1869,4832,CNC(=O)Oc1cccc2c1OC(C)(C)O2,1
1871,4835,O=C1O[C@H]([C@@H](O)CO)C(O)=C1O,1
1872,4837,C1C2OC2C2C1C1CC2C2OC12,0
1874,4842,CCOP(=S)(OCC)Oc1nc(Cl)c(Cl)cc1Cl,1
1875,4843,CCN(CC)C(C)=O,0
1876,4845,Cc1cc(CC(=O)[O-])n(C)c1C(=O)c1ccc(Cl)cc1,1
1877,4846,N#C[N-]C#N,0
1878,4855,NCCO.O=C(O)c1nc(Cl)ccc1Cl,0
1880,4861,CC1(C)C(=O)N(Cl)C(=O)N1Cl,1
1882,4872,N[C@H]1C(O)O[C@H](CO)[C@H](O)[C@@H]1O,0
1883,4875,CC(C)(C)C(=O)Oc1ccc(S(=O)(=O)Nc2ccccc2C(=O)NCC(=O)[O-])cc1,1
1884,4886,Clc1cc(Cl)c(Cl)cc1Cl,1
1885,4887,CCCCCCCOC(=O)CCC,0
1886,4889,CC(C)CCCCCCOC(=O)CCCCC(=O)OCCCCCCC(C)C,0
1887,4890,CCC(O)OCCCOC,0
1892,4909,CC(N)=O,0
1893,4914,CC#N,0
1894,4917,CC(=O)Nc1ccc(C)cc1C,0
1895,4918,CC1(C)S[C@@H]2[C@H](NC(=O)[C@@H](c3ccccc3)S(=O)(=O)[O-])C(=O)N2[C@H]1C(=O)[O-],0
1896,4922,CCOC(=O)CC(C(C)=O)C(C)=O,0
1897,4925,Cc1cccc(N)n1,0
1898,4926,C=C(C)C(=O)OCC(C)(C)COC(=O)C(=C)C,0
1899,4931,COc1cc(C(=O)OC(COCCC(C)C)CN2CCOCC2)cc(OC)c1OC,0
1902,4939,CC(C)(O)c1ccc(C(C)(C)O)cc1,0
1904,4943,C=C[Si](OC)(OC)OC,0
1905,4950,Oc1cccc(Cl)c1Cl,1
1906,4951,Clc1cccc(Cl)c1,0
1907,4952,Oc1cc(Cl)ccc1Cl,1
1908,4953,CCCCSCCCC,0
1909,4954,CCCN(CCC)c1c([N+](=O)[O-])cc(C(C)C)cc1[N+](=O)[O-],1
1910,4959,CC(C)C1(C)N=C(c2nc3ccccc3cc2C(=O)O)NC1=O,0
1911,4966,O=C(O)Cc1c[nH]c2ccccc12,1
1912,4967,O=Cc1ccc(F)cc1,0
1913,4968,CC(C)Cc1ccc(C(C)C(=O)O)cc1,1
1914,4970,c1ccc2[nH]ccc2c1,1
1916,4975,CCc1ccccc1,0
1917,4977,CCN(N=O)C(N)=O,0
1918,4979,CNC,0
1920,4984,COc1ccc([C@@H]2CC(=O)c3c(O)cc(O[C@@H]4O[C@H](CO[C@@H]5O[C@@H](C)[C@H](O)[C@@H](O)[C@H]5O)[C@@H](O)[C@H](O)[C@H]4O)cc3O2)cc1OC,0
1921,4986,CC1OC1C1CCC2(C)OC2C1,0
1923,4988,C=C(C)C(=O)OC,0
1925,4992,O=[N+]([O-])c1ccc(O)cc1,1
1926,4994,CCN(CC)CCO,0
1929,5000,C#C[C@]1(O)CC[C@H]2[C@@H]3CCC4=CC(=O)CCC4=C3C=C[C@@]21CC,1
1930,5004,CC(C)[C@H]1CC[C@@H](C)CC1=O,0
1933,5008,OCCOCCOCCOCCOCCO,0
1934,5009,COC(=O)c1cccnc1,0
1935,5012,CNCc1ccccc1,0
1937,5016,CC(C)(O)Cc1ccccc1,0
1938,5017,CCC(=O)OC/C=C/c1ccccc1,1
1939,5019,CCCC(=O)OCCc1ccccc1,0
1941,5024,CCCCC1CCC(=O)O1,0
1942,5027,NS(=O)(=O)c1cc2c(cc1Cl)NC(C1CC3C=CC1C3)NS2(=O)=O,0
1943,5031,Cc1ccc2c(c1)C1CN(C)CCC1N2,0
1945,5037,O[C@H]1CO[C@@H]2[C@H](O)CO[C@H]12,0
1946,5039,O[C@H](CBr)[C@@H](O)[C@H](O)[C@H](O)CBr,0
1947,5041,CC(=O)Nc1c(I)c(NC(C)=O)c(I)c(C(=O)[O-])c1I,1
1949,5044,Cc1c(C(=O)O)cccc1[N+](=O)[O-],1
1950,5045,CC1=Nc2ccc(Cl)cc2S(=O)(=O)N1,0
1952,5050,CCOC(=O)[C@H](CCc1ccccc1)N[C@@H](C)C(=O)N1C(=O)N(C)C[C@H]1C(=O)O,0
1954,5061,CC(Oc1cccc(Cl)c1)C(=O)O,0
1958,5075,CO[C@H]1C=CO[C@@]2(C)Oc3c(C)c(O)c4c(O)c(c(/C=N/N5CCN(C)CC5)c(O)c4c3C2=O)NC(=O)C(C)=CC=C[C@H](C)[C@H](O)[C@@H](C)[C@@H](O)[C@@H](C)[C@H](OC(C)=O)[C@@H]1C,1
1959,5077,CCCCCCCCCCCCCCCC(=O)OC/C=C(C)/C=C/C=C(C)/C=C/C1=C(C)CCCC1(C)C,1
1960,5078,CC(=O)OC/C=C(C)/C=C/C=C(C)/C=C/C1=C(C)CCCC1(C)C,1
1961,5081,CCN(CC)C1CCCCC1,0
1963,5083,CCC(=O)c1c(O)cc(O)cc1O,1
1964,5084,O=[N+]([O-])c1ccccc1O,0
1965,5085,Oc1cccc2ccccc12,1
1967,5088,CCCN[C@H]1CCc2nc(N)sc2C1,0
1968,5091,CN(C)P(=O)(N(C)C)N(C)C,0
1971,5099,CNC(=O)ON=C(C)SC,0
1972,5101,Cc1ccc([N+](=O)[O-])cc1,0
1973,5102,O=S(=O)([O-])CCN1CCN(CCO)CC1,0
1975,5108,CCCOC(OCCC)OCCC,0
1977,5111,CC[N+](CC)(CC)CC,0
1978,5113,C=C(C)C(=O)OCCCCCCOC(=O)C(=C)C,1
1979,5115,C[C@H](C(=O)[O-])c1cccc(Oc2ccccc2)c1.C[C@H](C(=O)[O-])c1cccc(Oc2ccccc2)c1,1
1981,5125,CC1(C)OC(=O)NC1=O,1
1982,5126,CNC(=O)CSP(=S)(OC)OC,0
1984,5133,COC(=O)C1CCC(C(=O)OC)CC1,0
1985,5135,CCC(C)(CN(C)C)OC(=O)c1ccccc1,1
1986,5141,O=[N+]([O-])c1ccccc1[O-],0
1987,5146,C=CCn1c(=O)n([C@@H]2O[C@H](CO)[C@@H](O)[C@H]2O)c2nc(N)[nH]c(=O)c21,0
1988,5151,Cc1nc(-c2ccc(Cl)cc2)oc1COC(C)(C)C(=O)O,1
1990,5155,CCCC(=O)OCCC(C)C,0
1991,5158,O=C(O)C(=O)Cc1c[nH]c2ccccc12,1
1992,5162,CCCC(=NOCC)C1=C(O)CC(CC(C)SCC)CC1=O,0
1995,5173,C=CC(=O)CCCCC,0
1996,5174,CC(=O)CCc1ccc2c(c1)OCO2,0
1998,5176,CNC(C)=O,0
1999,5177,COc1ccc(CCC(C)=O)cc1,0
2000,5196,C=C(C)CS(=O)(=O)[O-],0
2003,5217,O=[N+]([O-])c1cccc(C(F)(F)F)c1,0
2004,5218,CCCCCCCCC,0
2005,5219,Cc1ccccc1[N+](=O)[O-],1
2007,5221,F[B-](F)(F)F,0
2008,5222,CCOC(=O)N(C)N=O,0
2009,5224,CC(=O)Nc1ccc2c(c1)Cc1cc(NC(C)=O)ccc1-2,1
2010,5225,O=C1NCCN1CCO,0
2012,5229,CCO[Si](CCCCl)(OCC)OCC,1
2013,5233,OC[C@H]1O[C@](O)(CO)[C@@H](O)[C@@H]1O,0
2014,5234,Clc1ccc(Cn2c(CN3CCCC3)nc3ccccc32)cc1,1
2015,5235,O=C1CCc2cc(OCCCCc3nnnn3C3CCCCC3)ccc2N1,1
2018,5239,NC(Cc1ccc(Cl)cc1)C(=O)O,0
2019,5244,Nc1ncc([N+](=O)[O-])s1,1
2021,5249,CCOC(=O)CCC(=O)OCC,0
2023,5252,CCCCCC1Nc2cc(C(F)(F)F)c(S(N)(=O)=O)cc2S(=O)(=O)N1,0
2024,5253,CO/N=C(/C(=O)N[C@@H]1C(=O)N2C(C(=O)O)=C(Cn3nnc(C)n3)CS[C@H]12)c1csc(N)n1,0
2025,5254,Cc1cccc(N(C)C(=S)Oc2ccc3c(c2)CCC3)c1,1
2026,5255,CC(=O)OCC(=O)Nc1cc(C#N)cc(NC(=O)COC(C)=O)c1Cl,0
2028,5262,FC(F)(F)C(Cl)(Cl)Cl,0
2030,5265,CN(C)c1ccc(Cc2ccc(N(C)C)cc2)cc1,1
2031,5266,ClCCl,0
2032,5267,FC(F)(F)c1ccc(Cl)c(Cl)c1,0
2033,5269,CC[C@@H](CO)NC(=O)[C@@H]1C=C2c3cccc4c3c(cn4C)C[C@H]2N(C)C1,1
2034,5273,C=CCOC(=O)C(=C)C,0
2035,5275,Nc1ccc(Cl)c(Cl)c1,1
2039,5281,C[Si](C)(C)Cl,1
2041,5285,Nc1ccc([As](=O)(O)O)cc1,0
2043,5287,Clc1ccc(Sc2cc(Cl)c(Cl)cc2Cl)cc1,1
2046,5295,OCCCO,0
2047,5298,COC(=O)[C@H](c1ccccc1Cl)N1CCc2sccc2C1,1
2050,5304,O=C(NC(=O)c1cc(F)c(F)cc1Cl)Nc1cc(F)ccc1N1CCC(C(=O)O)CC1,0
2052,5311,CC(C)(C)C(=O)CCc1ccc(Cl)cc1,0
2054,5317,Cc1cc(C)cc(C)c1,1
2055,5318,Cc1cccc(N)c1,0
2056,5324,CC(=O)OCC(=O)[C@H]1CC[C@H]2[C@@H]3CCC4=CC(=O)CC[C@]4(C)[C@H]3CC[C@]12C,1
2058,5335,CCC1CCC(=O)O1,1
2059,5340,COc1ccc2cc([C@H](C)C(=O)O)ccc2c1,0
2060,5341,Nc1cc(N2CCCCC2)nc(N)[n+]1[O-],0
2061,5346,COc1cc(OC)c(C(=O)CCCN2CCCC2)c(OC)c1,0
2062,5348,OCCSc1ccccc1,0
2066,5359,CCCCCC/C=C/C=O,0
2067,5360,COC(=O)c1ccccc1OC,0
2068,5361,CCc1ccc(C=O)cc1,0
2069,5362,CC(C)(C)C1CCCCC1=O,0
2070,5364,CCCC(=O)OC,0
2071,5366,CC(CN(CCN(CC(C)OCCO)CC(C)OCCO)CC(C)OCCO)OCCO,1
2072,5371,COCCCOc1cc(C[C@@H](C[C@H](N)[C@@H](O)C[C@H](C(=O)NCC(C)(C)C(N)=O)C(C)C)C(C)C)ccc1OC,0
2075,5382,CN1C(=O)CCS(=O)(=O)C1c1ccc(Cl)cc1,0
2077,5387,Cc1c(N)cccc1N,1
2079,5389,CN(C)CCOC(c1ccccc1)c1ccccc1,1
2082,5396,COc1cccc(OC)c1C(=O)N[C@@H]1C(=O)N2[C@@H](C(=O)[O-])C(C)(C)S[C@H]12,1
2083,5397,OC[C@H]1O[C@](O)(CO)[C@@H](O)[C@@H]1O[C@@H]1O[C@H](CO)[C@H](O)[C@H](O)[C@H]1O,0
2084,5410,CC1(C)[C@H]2CC[C@](C)(C2)[C@H]1O,0
2085,5413,CCOC(=O)C(C)C(C)=O,0
2086,5415,c1ccc2c(c1)Oc1ccccc1O2,0
2087,5416,BrCCBr,0
2088,5417,CCCCCCCCCCCOC(=O)c1ccccc1C(=O)OCCCCCCCCCCC,1
2090,5420,NCCCN1CCN(CCCN)CC1,0
2091,5423,CCCCCCCCCC(CC)c1ccc(S(=O)(=O)[O-])cc1,1
2092,5426,c1ccc(COCc2ccccc2)cc1,0
2093,5427,COc1ccccc1OCC(O)CO,0
2094,5431,O=C(O)c1cc(O)nc(O)n1,0
2095,5433,O=C1O[C@H](CO)[C@@H](O)[C@H](O)[C@H]1O,0
2096,5441,O=c1nn[nH]c2ccccc12,0
2097,5442,Nc1ccc2cc(S(=O)(=O)O)cc(O)c2c1,1
2098,5443,CCOC(=O)COc1cc(-n2ncc(C(F)(F)F)c(C)c2=O)c(F)cc1Cl,0
2099,5444,CCCCOC(=O)C(C)Oc1ccc(Oc2ccc(C(F)(F)F)cn2)cc1,1
2100,5445,COc1nn(C(=O)[N-]S(=O)(=O)c2ccccc2OC(F)(F)F)c(=O)n1C,0
2102,5447,CCCOC(=O)c1ccccc1C(=O)OCCC,0
2103,5457,CC(C)Cn1cnc2c1c(=O)n(C)c(=O)n2C,0
2104,5462,C/C=C(\C)C=O,0
2105,5465,CNC(=O)Oc1ccccc1C(C)C,0
2107,5469,CC(Cl)C(Cl)Cl,0
2108,5470,CCN(CC)CC,0
2109,5475,CC(C)Nc1nc(N)nc(Cl)n1,0
2113,5483,C=CC(=C)CCCC(C)(C)OC(C)=O,0
2115,5488,CC(C)CC=C(C=O)c1ccccc1,1
2116,5489,Clc1cccc2ccccc12,1
2117,5501,CC(=O)OCC(C)OC(C)=O,0
2118,5502,CC(C)CCCC(C)CC=O,0
2119,5503,CC(C)(C)c1cccc(O)c1,1
2120,5505,C=C(C)C(=O)[O-],0
2121,5506,CC(CCO)CCc1ccccc1,0
2122,5509,C=CCCCCCCCCC(=O)OCC,0
2123,5519,O=C1NC(=O)c2cc([N+](=O)[O-])ccc21,1
2125,5526,O=C([O-])c1[nH]n(-c2ccc(S(=O)(=O)[O-])cc2)c(=O)c1/N=N/c1ccc(S(=O)(=O)[O-])cc1,0
2126,5529,O=S(=O)([O-])c1ccc2cc(O)ccc2c1,0
2128,5534,NC1CCN(c2cccc(Cl)n2)CC1,0
2129,5537,CC1CCC(CO)CC1,0
2133,5543,N=C(N)NC(=O)Cc1c(Cl)cccc1Cl,0
2134,5549,NC(=O)NC1NC(=O)NC1=O,1
2135,5550,C=CCO,0
2138,5554,C=CCOC(=O)CC(C)C,0
2139,5556,CCCCNCC,0
2140,5557,Cc1[nH]c(=O)c(C#N)cc1-c1ccncc1,0
2141,5560,Cc1cccc2cccnc12,0
2142,5562,Cc1ccc2ncccc2c1,0
2143,5563,COC(=O)C(c1ccccc1)C1CCCCN1,0
2144,5564,NC(=O)CS(=O)C(c1ccccc1)c1ccccc1,0
2145,5566,Oc1ccc(Cl)cc1,1
2147,5569,CCCBr,0
2151,5578,C#C[C@]1(OC(C)=O)CC[C@H]2[C@@H]3CCC4=C[C@@H](OC(C)=O)CC[C@@H]4[C@H]3CC[C@@]21C,1
2152,5579,CCc1cccc2c3c([nH]c12)C(CC)(CC(=O)O)OCC3,1
2153,5581,CCOC(=O)C(C)(C)Oc1ccc(Cl)cc1,1
2155,5583,CC(C)(Oc1ccc(C2CC2(Cl)Cl)cc1)C(=O)O,1
2156,5586,CCCCCCCCC(CO)CCCCCC,0
2157,5587,Cc1c(Cl)cccc1[N+](=O)[O-],0
2158,5590,Nc1cc([N+](=O)[O-])ccc1C(=O)O,1
2161,5598,O=C(OCCCCCCOC(=O)c1ccccc1)c1ccccc1,1
2163,5614,O=C(Nc1ccc(C(=O)O)c(O)c1)c1ccccc1,0
2164,5615,COc1ccccc1OC(=O)Oc1ccccc1OC,0
2165,5627,O=S(=O)(OC[C@H]1O[C@H](O[C@]2(COS(=O)(=O)O[AlH3](O)O)O[C@H](COS(=O)(=O)O[AlH3](O)O)[C@@H](OS(=O)(=O)O[AlH3](O)O)[C@@H]2OS(=O)(=O)O[AlH3](O)O)[C@H](OS(=O)(=O)O[AlH3](O)O)[C@@H](OS(=O)(=O)O[AlH3](O)O)[C@@H]1OS(=O)(=O)O[AlH3](O)O)O[AlH3](O)O.O[AlH3](O)[AlH3](O)O.O[AlH3](O)[AlH3](O)O.O[AlH3](O)[AlH3](O)O.O[AlH3](O)[AlH3](O)O,1
2166,5632,CCCOC(=O)c1cc(O)c(O)c(O)c1,1
2167,5634,CC(O)CO,0
2168,5637,CCCc1cc(=O)[nH]c(=S)[nH]1,1
2170,5640,CCO[Si](CCC#N)(OCC)OCC,0
2173,5643,c1ccc2scnc2c1,1
2175,5651,COc1ccccc1N1CCN(CCCNc2cc(=O)n(C)c(=O)n2C)CC1,0
2176,5652,O=C(O)c1cc(O)c(O)c(O)c1,1
2177,5653,Cc1ccc(C)c(OCCCC(C)(C)C(=O)O)c1,0
2178,5655,CC(=O)OC/C=C(\C)CCC=C(C)C,0
2180,5657,BrCCCCBr,1
2181,5658,OC[C@H]1O[C@H](O[C@H]2O[C@H](CO)[C@@H](O)[C@H](O)[C@H]2O)[C@H](O)[C@@H](O)[C@@H]1O,0
2183,5660,CC(=O)CCc1ccc(O)cc1,0
2184,5665,CCn1cc[n+](C)c1.O=S(=O)([O-])C(F)(F)F,0
2187,5671,COP(=O)([O-])OC.Cn1cc[n+](C)c1,0
2188,5673,O=S(=O)([O-])OOS(=O)(=O)[O-],0
2189,5674,O=S(=O)([O-])OOS(=O)(=O)[O-],0
2191,5676,O=S(=O)([O-])OOS(=O)(=O)[O-],1
2192,5678,CCC(O)OC(O)CC,0
2193,5679,Nc1nc(F)nc2c1ncn2[C@@H]1O[C@H](CO)[C@@H](O)[C@@H]1O,1
2194,5691,CS(=O)(=O)O,0
2196,5694,Nc1nc(=O)c2nc(CNc3ccc(C(=O)N[C@@H](CCC(=O)O)C(=O)O)cc3)cnc2[nH]1,1
2197,5700,Cc1cc(Cl)ccc1O,1
2198,5703,Cl[Zn]Cl,0
2201,5711,Cc1cc(S(=O)(=O)O)c(N)cc1Cl,0
2203,5713,CC(C)(C)c1ccccc1O,1
2204,5717,Cc1c(NC(=O)c2cccnc2)c(=O)n(-c2ccccc2)n1C,0
2205,5726,Clc1ccccc1Cl,0
2208,5731,Oc1ccc(Cl)cc1Cl,1
2209,5732,CCCCOC(=O)CCC(=O)OCCCC,1
2210,5733,c1ccc2c(c1)oc1ccccc12,0
2211,5734,O=C1[N-]S(=O)(=O)c2ccccc21,1
2214,5737,CCN(CC)C(=O)c1cccc(C)c1,1
2215,5739,COCCCN,0
2216,5740,CC1(C)C(C=C(Cl)Cl)C1C(=O)OCc1cccc(Oc2ccccc2)c1,0
2217,5742,CC(C)N(C(=O)SCC(Cl)=C(Cl)Cl)C(C)C,0
2219,5745,CC(COCC(C)OC(=O)c1ccccc1)OC(=O)c1ccccc1,1
2220,5752,NC(=S)NC(N)=S,1
2222,5756,CC1=CC(=O)[N-]S(=O)(=O)O1,0
2223,5757,CCOC(C)OCC,0
2224,5759,COC(=O)c1c(Cl)c(Cl)c(C(=O)OC)c(Cl)c1Cl,1
2225,5760,CC(Cl)(Cl)C(=O)[O-],0
2231,5775,C=CCCCCCCCCOC(C)=O,0
2233,5779,O=Cc1cc2ccccc2o1,0
2235,5787,COC(=O)C=C(C)CCC=C(C)C,0
2236,5788,CC(=O)OCC=C(C)C,0
2237,5789,CCN(CC#N)c1cccc(C)c1,0
2238,5792,CC(=O)OC(C)(C)C,0
2239,5793,NC(=O)NO,0
2241,5797,O=C(O)CNC(=O)c1ccc([N+](=O)[O-])cc1,1
2243,5802,N=C(N)S(=O)O,0
2244,5803,O=C(O)c1nc(Cl)ccc1Cl,1
2245,5804,Cc1ccc(N)nc1,0
2246,5807,C=Cc1cccc(C)c1,0
2247,5809,COP(=O)(OC)OC,0
2248,5810,CC(C)(C)c1ccc(CCOc2ncnc3ccccc23)cc1,0
2249,5811,O=C(NC(=O)c1c(F)cccc1F)Nc1cc(Cl)c(OC(F)(F)C(F)C(F)(F)F)cc1Cl,1
2250,5816,Cc1ccc(C)c(C)c1,0
2251,5821,CC(=O)OC(C)(C)Cc1ccccc1,0
2252,5822,CC(=O)NCCO,1
2253,5830,CCOC(=O)[N-]c1c[n+](N2CCOCC2)no1,0
2255,5833,CNCCC(Oc1ccccc1OC)c1ccccc1,0
2256,5835,Cc1ncc(CNC(=O)N(CCCl)N=O)c(N)n1,0
2257,5836,Cc1c(N)c(=O)n(-c2ccccc2)n1C,0
2259,5842,CCCCC1C(=O)NC(=O)N(C2CCCCC2)C1=O,0
2260,5843,O=C1CC[C@H](C(=O)N2CCCCC2)N1,0
2262,5850,CCCCCCCCCCCCCCCC(=O)OC(C)C,0
2264,5853,CC(C)(C)NCC(O)COc1cccc2c1C[C@H](O)[C@H](O)C2,0
2265,5855,C=C1CC[C@@]2(O)[C@H]3Cc4ccc(O)c5c4[C@@]2(CCN3CC2CC2)[C@H]1O5,1
2268,5859,COc1ccc(COC(C)=O)cc1,0
2270,5864,CC(C)(O)CCc1ccccc1,0
2272,5868,CO[Si](CCCNCCC[Si](OC)(OC)OC)(OC)OC,0
2278,5884,N=c1ccn2c(n1)O[C@H]1[C@H](O)[C@@H](CO)O[C@H]12,1
2280,5890,CCn1cc[n+](C)c1,0
2281,5892,CCn1cc[n+](C)c1,0
2282,5893,CC(=O)C(=O)CC(C)C,1
2283,5894,CCCC[n+]1ccccc1C,1
2284,5896,CCCCN(CC)C(=O)SCCC,0
2285,5901,CCCCc1ccc2c(n1)[C@@H](c1ccc(OC)cc1C[C@H](C)C(=O)[O-])[C@H](C(=O)[O-])[C@H]2c1ccc2c(c1)OCO2,0
2286,5907,Cc1cccc(C)c1NC1=NCCCS1,0
2287,5908,CN1[C@H]2CC[C@@H]1C[C@H](OC(=O)C(CO)c1ccccc1)C2,1
2288,5911,CCNc1nc(Cl)nc(NC(C)C)n1,0
2291,5927,CO[Si](CCCOCC1CO1)(OC)OC,0
2294,5933,CCOC(=O)[C@H](CCc1ccccc1)N[C@@H](C)C(=O)N1Cc2ccccc2C[C@H]1C(=O)O,1
2295,5942,CCn1cc(C(=O)O)c(=O)c2cc3c(cc21)OCO3,0
2297,5948,COc1cc(/C=C/C(=O)O[C@H]2CC[C@]34C[C@]35CC[C@]3(C)[C@@H]([C@H](C)CCC=C(C)C)CC[C@@]3(C)[C@@H]5CC[C@H]4C2(C)C)ccc1O,1
2298,5949,O=C1Nc2ccc(Cl)cc2C(c2ccccc2)=NC1O,1
2299,5950,CNC(=O)ON=C(SC)C(=O)N(C)C,1
2302,5955,CC(=O)N(CC(O)CO)c1c(I)c(C(=O)NCCO)c(I)c(C(=O)NCC(O)CO)c1I,1
2303,5957,COc1ncc(F)c2nc(S(=O)(=O)Nc3c(F)cccc3F)nn12,0
2304,5959,CCN(CCO)CCn1c(Cc2ccccc2)nc2c1c(=O)n(C)c(=O)n2C,0
2305,5969,Clc1cc(Cl)cc(Cl)c1,0
2307,5974,Cc1nnc(SCC2=C(C(=O)O)N3C(=O)[C@@H](NC(=O)Cn4cnnn4)[C@H]3SC2)s1,1
2308,5977,CC(=O)c1ccc2c(c1)N(CCCN1CCC(CCO)CC1)c1ccccc1S2,0
2309,5979,CN1CCN(CC(=O)N2c3ccccc3C(=O)Nc3cccnc32)CC1,0
2311,5983,CCC(C)N,0
2312,5986,O=C(NCCO[N+](=O)[O-])c1cccnc1,0
2313,5989,COC(C)(C)OC,0
2314,5992,O=C(NCCc1c[nH]c2ccccc12)c1cccnc1,1
2316,5996,CCC[N+](=O)[O-],0
2317,5997,CC(C)[N+](=O)[O-],0
2318,5998,O=C(O)CC[N+](=O)[O-],0
2320,6010,Cc1cccc(CN2CCN(C(c3ccccc3)c3ccc(Cl)cc3)CC2)c1,1
2321,6011,CC[C@@H](CO)NCCN[C@@H](CC)CO,0
2322,6013,CCN(CC)C(C)CN1c2ccccc2Sc2ccccc21,0
2324,6015,CC(C)(C)NCC(O)c1cc(O)cc(O)c1.CC(C)(C)NCC(O)c1cc(O)cc(O)c1,0
2326,6020,CCCCN(CC)c1c([N+](=O)[O-])cc(C(F)(F)F)cc1[N+](=O)[O-],1
2327,6029,Oc1c(I)cc(I)c2cccnc12,1
2328,6032,CC1=C(CC(=O)O)c2cc(F)ccc2/C1=C\c1ccc(S(C)=O)cc1,1
2329,6034,Nc1ccc(S(N)(=O)=O)cc1,1
2330,6035,O=C1OC(c2ccc(O)c(S(=O)(=O)[O-])c2)(c2ccc(O)c(S(=O)(=O)[O-])c2)c2c(Br)c(Br)c(Br)c(Br)c21,1
2331,6041,O=C([O-])CCC(=O)OC[C@@H](NC(=O)C(Cl)Cl)[C@H](O)c1ccc([N+](=O)[O-])cc1,0
2332,6042,CC1=CC2C3CC(C=C3C)C2C1,1
2333,6046,[Br-].[Na+],0
2334,6051,CC(C)Oc1ccccc1O,0
2338,6058,O=C1OC(=O)C2C3C=CC(C3)C12,0
2339,6060,CC1(C)OC[C@@H]2O[C@@]3(C(=O)O)OC(C)(C)O[C@H]3[C@@H]2O1,0
2340,6061,C1CCN(CN2CCCCC2)CC1,0
2342,6067,O=C(O)c1ccccc1[N+](=O)[O-],0
2343,6071,CCN(CC)C(=O)Nc1ccc(OCC(O)CNC(C)(C)C)c(C(C)=O)c1,0
2346,6084,Cc1ccc(Nc2ccc(O)c3c2C(=O)c2ccccc2C3=O)cc1,1
2347,6089,CC(C)CC(=O)CC(C)C,1
2349,6092,COc1cc(CC(C)N)cc2c1OCO2,0
2351,6096,COc1ccc(OC)c(CC(C)N)c1,0
2352,6099,O=C(NC(O)C(Cl)(Cl)Cl)NC(O)C(Cl)(Cl)Cl,0
2353,6101,CNC(C)Cc1ccc2c(c1)OCO2,1
2354,6102,CC=Cc1ccc(OC)cc1,0
2356,6104,CCC1(CCC(C)C)C(=O)NC(=O)NC1=O,0
2358,6107,OC[C@@H](O)[C@H]1O[C@@H]2O[C@H](C(Cl)(Cl)Cl)O[C@@H]2[C@H]1O,0
2360,6115,CC(O)CN(CC(C)O)CC(C)O,1
2361,6117,N[C@@H](Cc1c[nH]c2ccccc12)C(=O)O,1
2362,6121,Nc1cc(S(=O)(=O)O)ccc1S(=O)(=O)O,0
2366,6128,CC1=CC[C@H](CC=O)C1(C)C,0
2370,6139,CC(C)(COC(=O)c1ccccc1)COC(=O)c1ccccc1,1
2371,6143,Nc1ccc(S(=O)(=O)c2ccc(N)cc2)cc1,0
2372,6144,CN(C)NC(=O)CCC(=O)O,1
2373,6149,O=C1NC(=O)[C@@H]2CC=CC[C@H]12,0
2374,6151,Nc1ccc(O)c(C(=O)O)c1,1
2375,6152,CCCCCCCCOS(=O)(=O)[O-],0
2376,6159,COc1cc(C(=S)N2CCOCC2)cc(OC)c1OC,0
2378,6171,CCOC(=N)CC(=O)OCC,0
2379,6176,C#CCOC(C(=O)OCCN(C)C)(c1ccccc1)c1ccccc1,0
2381,6183,CC(=O)S[C@H](C(=O)N[C@H]1Cc2ccccc2[C@H]2CCC[C@@H](C(=O)O)N2C1=O)C(C)C,0
2386,6207,CC1(C)SC(C)(C)SC(C)(C)S1,0
2391,6228,CCCCCC(=O)O,0
2392,6229,O=C(O)CCCCC(=O)O,0
2394,6231,CCCCCC/C=C/CCCCCCCC(=O)O,1
2395,6232,CCCCCCCCCCCCCCCC(=O)O,1
2396,6233,O=C(C(Cl)(Cl)Cl)C(Cl)(Cl)Cl,0
2397,6234,CCCCCCC(=O)O,0
2398,6235,CCCC(=O)CC,1
2399,6236,CC(C)C#N,1
2401,6238,CCNc1ccccc1,0
2402,6239,Nc1nc2c(ncn2COCCO)c(=O)[nH]1,0
2404,6246,CC[N+](=O)[O-],0
2406,6248,CCCC[N+](=O)[O-],0
2408,6250,O=[N+]([O-])c1ccc2[nH]cnc2c1,1
2409,6251,COc1ccccc1[N+](=O)[O-],0
2410,6252,CNC(=O)O/N=C/C(C)(C)S(C)=O,0
2413,6264,CCOP(=S)(OCC)Oc1nc(Cl)n(C(C)C)n1,1
2414,6267,Oc1c(Br)cc(Br)cc1Br,1
2416,6269,O=C(Oc1ccccc1)c1ccccc1O,1
2418,6271,CCOP(=S)(OCC)Oc1ccc(S(C)=O)cc1,1
2419,6273,Cc1ccc(S(=O)(=O)[O-])cc1.[Na+],0
2421,6277,O=C(O)CCC(=O)O,0
2422,6279,COc1cc(NS(=O)(=O)c2ccc(N)cc2)nc(OC)n1,0
2423,6281,N=C(N)NS(=O)(=O)c1ccc(N)cc1,0
2424,6282,COc1ncnc(NS(=O)(=O)c2ccc(N)cc2)c1OC,0
2426,6285,C=C(C)C(=O)O[C@@H]1C[C@H]2CC[C@]1(C)C2(C)C,0
2427,6286,C=CC[N+](C)(C)CC=C,0
2428,6289,CCCCCCCCS(=O)(=O)Cl,1
2429,6291,O=C([O-])C(Cl)(Cl)Cl,0
2430,6294,CCCCCCCCCCC1CO1,0
2433,6299,C=C(C)[C@@H]1CC=C(C)C(=O)C1,0
2434,6300,O=C(CCl)NCO,1
2435,6322,C=CC(C)(O)CCCC(C)CCCC(C)CCCC(C)C,0
2436,6323,CCCCCCCCCCCCCCN(C)C,0
2438,6325,CCCCCCCCCCCCCCCCN(C)C,0
2439,6326,OCCOCCOCCOCCO,1
2443,6330,CCCCCC(C=O)=Cc1ccccc1,1
2444,6331,O=C1CCCC1,0
2446,6333,COc1ccc(C)cc1[N+](=O)[O-],0
2447,6334,CCC(N)(CO)CO,0
2448,6335,COC(=O)C1=C(C)NC(C)=C(C(=O)OC)C1c1ccccc1[N+](=O)[O-],1
2449,6337,O=C(Cl)C(Cl)(Cl)Cl,0
2451,6343,COC(=O)c1cc(Cl)cc(Cl)c1,0
2453,6347,Nc1cccc(N)n1,1
2454,6348,Nc1ncnc2c1ncn2[C@@H]1O[C@@H]2COP(=O)(O)O[C@H]2[C@H]1O,0
2455,6363,CC(Cl)(Cl)Cl,0
2458,6380,C1CNCCN1,1
2459,6382,CC[C@@H]1C(=O)OC[C@@H]1Cc1cncn1C,0
2460,6384,Nc1c(Cl)c(Cl)nc(C(=O)O)c1Cl,1
2462,6386,C=CC(=O)OCCO,1
2463,6387,O=P(c1ccccc1)(c1ccccc1)c1ccccc1,0
2465,6396,O=C([O-])c1cccc([N+](=O)[O-])c1,0
2466,6399,C=C[Si]1(C)O[Si](C)(C=C)O[Si](C)(C=C)O[Si](C)(C=C)O1,1
2468,6402,Cc1ccc(N)c([N+](=O)[O-])c1,1
2470,6411,C=CCOC(=O)c1ccccc1C(=O)OCC=C,1
2471,6412,Oc1cccc(O)c1O,1
2472,6413,S=C1NCCN1,1
2473,6422,NC(=O)CCCCC1CCSS1,1
2474,6423,CCOC(=O)CC#N,0
2475,6426,COC(=O)CC(C)=O,0
2479,6439,CCC(CC)Nc1c([N+](=O)[O-])cc(C)c(C)c1[N+](=O)[O-],1
2480,6440,Brc1ccc(Oc2cc(Br)c(Br)cc2Br)c(Br)c1,1
2481,6441,Clc1cc(Cl)c(Cl)c(Cl)c1Cl,0
2483,6447,CN(C)CCOC(=O)C(c1ccccc1)C1(O)CCCC1,0
2485,6450,NC(=O)OCCCc1ccccc1,0
2486,6453,COC(=O)c1ccccc1C(=O)c1ccc(OCCN2CCCCC2)cc1,1
2487,6457,Cc1ccnc2c1NC(=O)c1cccnc1N2C1CC1,0
2489,6461,CC(=O)Nc1c(I)c(NC(C)=O)c(I)c(C(=O)O)c1I,0
2491,6467,OCCCBr,0
2492,6480,C[N+]1(C)[C@H]2C[C@H](OC(=O)[C@H](CO)c3ccccc3)C[C@@H]1[C@H]1O[C@@H]21,0
2494,6485,CCCCCC(=O)CC,0
2496,6488,CCOC(OCC)OCC,0
2497,6489,CCOC(=O)C(F)(F)F,0
2498,6490,C=C[C@@H](C)CCC=C(C)C,0
2499,6492,SCCSCCS,0
2500,6495,N[C@@H](Cc1cc(I)c(O)c(I)c1)C(=O)O,0
2501,6502,CCCCCCC#N,0
2502,6504,COc1ccc(Nc2ccccc2)c(C)c1,1
2504,6509,CCCC[N+]1(C)[C@H]2C[C@H](OC(=O)[C@H](CO)c3ccccc3)C[C@@H]1[C@H]1O[C@@H]21,0
2505,6511,CCCCCCCCSCC,0
2506,6513,C=COCCOCCOCCOC=C,0
2507,6514,CCC(C)C(=O)O,0
2508,6515,CC(C)CC#N,0
2509,6516,Cc1ccc(C(=O)O)o1,0
2510,6517,CC(C)c1ccc(CO)cc1,1
2511,6518,CC(=O)CCC=C(C)C,0
2512,6522,CC(C)NCC(O)c1ccc(N)c(C#N)c1,0
2513,6524,C=C1C2CCC(C2)C1(C)C,0
2516,6532,C=CC(=O)OCC(CC)CCCC,0
2519,6535,CCCCC(CC)C(=O)O,0
2520,6537,O=C(O)c1cccc(Oc2ccccc2)c1,1
2522,6539,COc1ccc([N+](=O)[O-])cc1N,1
2523,6540,NC(=O)N/N=C/c1ccc([N+](=O)[O-])o1,1
2524,6542,O=C(O)Cc1ccc(-c2ccccc2)cc1,1
2525,6543,NC(=O)c1cc[n+](CC2=C(C(=O)[O-])N3C(=O)[C@@H](NC(=O)Cc4cccs4)[C@H]3SC2)cc1,1
2527,6547,C=C1c2cccc(O)c2C(=O)C2=C(O)[C@]3(O)C(=O)C(C(N)=O)=C(O)[C@@H](N(C)C)[C@@H]3[C@@H](O)[C@H]12,0
2529,6554,Cc1cc(-n2nc3ccc(Cl)cc3n2)c(O)c(C(C)(C)C)c1,1
2531,6558,CCCCCCCCCCCCCCCCCC#N,0
2534,6562,C/C=C(C)/C=C/C=C(C)C,1
2535,6563,COC(=O)c1ccc(C(=O)OC)cc1,0
2537,6567,NC1CCCCC1,0
2538,6568,Nc1nc(N)nc(NC2CC2)n1,1
2539,6569,CC1(C)C(C=C(Cl)Cl)C1C(=O)OC(C#N)c1cccc(Oc2ccccc2)c1,0
2540,6570,NC(=O)NC(=O)Cc1ccccc1,1
2541,6572,CCC[C@H](N[C@@H](C)C(=O)N1[C@H](C(=O)O)C[C@@H]2CCCC[C@@H]21)C(=O)OCC,0
2542,6574,CC(=O)CC(C)=O,0
2545,6579,CCc1ccc(O)cc1,0
2546,6582,[Zn+2],0
2547,6584,OCc1cccc(Oc2ccccc2)c1,1
2549,6592,Nc1ccn([C@H]2CS[C@@H](CO)O2)c(=O)n1,0
2551,6596,[Ca+2].[Cl-].[Cl-],0
2552,6597,Cn1c(=O)c2c(ncn2C)n(C)c1=O,1
2554,6601,CCCOCCOCCO,0
2556,6606,CC(=O)c1ccc2ccccc2c1,0
2558,6608,COC(=O)[C@H]1CC[C@H](C(=O)OC)CC1,0
2559,6609,CCOC(=O)C(C)(C)C,0
2564,6618,COC(=O)/C=C\C(=O)O,1
2565,6621,CC(=O)OCCC(C)C,0
2566,6623,O=c1[nH]ncc2ccccc12,0
2567,6627,CCOCCOCCOC(C)=O,0
2568,6628,CCCCOCCOC(C)=O,0
2569,6629,CCCCCCCCCCCCN(C)C,0
2570,6630,CCCCCCOCCO,0
2572,6645,C[N+](C)(C)CC(O)CC(=O)[O-],0
2573,6647,O=NN1CCCC1,0
2576,6661,C=CCSCC1Nc2cc(Cl)c(S(N)(=O)=O)cc2S(=O)(=O)N1,1
2577,6662,Cc1ccccc1N,1
2579,6667,Cc1ccc(N=C=O)cc1N=C=O,1
2580,6670,C[SiH](O[Si](C)(C)C)O[Si](C)(C)C,0
2581,6671,CCOc1ccccc1OCC,0
2582,6672,C1N2CN3CN1CN(C2)C3,0
2583,6675,O=[N+]([O-])OCC(CO[N+](=O)[O-])(CO[N+](=O)[O-])CO[N+](=O)[O-],0
2584,6676,CCCCCCCCCCCc1ccccc1,0
2585,6678,C[N+]1([O-])CCOCC1,0
2586,6679,CCOP(=S)(OCC)Oc1ccc([N+](=O)[O-])cc1,1
2590,6688,CCCCCCc1ccc(O)cc1O,1
2591,6690,O=C([O-])c1cc(Oc2ccc(C(F)(F)F)cc2Cl)ccc1[N+](=O)[O-],1
2592,6693,CC1(C)Cc2cccc(N)c2O1,0
2593,6694,NC(=O)CC[C@H](Nc1ccc([N+](=O)[O-])cc1)C(=O)O,0
2594,6695,CCCCC(C)C(=O)O,0
2595,6697,OC[C@H](O)[C@@H](O)[C@H](O[C@@H]1O[C@H](CO)[C@H](O)[C@H](O)[C@H]1O)[C@H](O)CO,1
2599,6704,C[C@@H]1CC2(OC3C[C@@]4(C)C5=CC[C@H]6C(C)(C)C(O[C@@H]7OC[C@@H](O)[C@H](O)[C@H]7O)CC[C@@]67C[C@@]57CC[C@]4(C)C31)OC(O)C1(C)OC21,1
2600,6713,COc1ccc(-n2nc(C(F)F)cc2-c2ccc(S(C)=O)cc2)cc1,0
2601,6714,OCCc1ccccc1,1
2602,6716,NC=O,0
2603,6717,COC(=O)c1ccccc1C(=O)OC,0
2604,6718,NC(Cc1ccc(F)cc1)C(=O)O,0
2605,6720,O=C(Cl)c1ccccc1F,0
2608,6726,CC(=O)OC(C)C[N+](C)(C)C,0
2609,6728,CC(C)=CC1C(C(=O)OCc2cccc(Oc3ccccc3)c2)C1(C)C,0
2610,6731,O=P1(N(CCCl)CCCl)NCCCO1,1
2611,6733,CCS(=O)(=O)CCSP(=O)(OC)OC,1
2614,6743,CC(=O)CCc1ccc(OC(C)=O)cc1,0
2615,6744,O=c1c(O)c(O)c1=O,0
2617,6748,Nc1cccc2c1CN(C1CCC(=O)NC1=O)C2=O,0
2618,6751,COc1nc(N)nc2nc[nH]c12,1
2621,6757,C=C(C)C(N)=O,0
2622,6760,COc1ccc(-c2ccc3cc(C(=O)O)ccc3c2)cc1C12CC3CC(CC(C3)C1)C2,1
2623,6765,C[N+]1(CCC(C(N)=O)(c2ccccc2)c2ccccc2)CCCCC1,0
2625,6771,CCCCCCOC(=O)CC(CC(=O)OCCCCCC)(OC(=O)CCC)C(=O)OCCCCCC,0
2626,6777,C=CC(=O)OCCCC,1
2627,6778,C[C@@H](Oc1ccc(CNC(=O)c2cccnc2Oc2ccc3c(c2)OCO3)c(F)c1)C(=O)O,0
2628,6779,O=C(O)CC(C(=O)O)C(CC(=O)O)C(=O)O,0
2631,6796,O=C(O)CONC(=O)c1ccccc1,0
2632,6802,CC12CCC(C1)C(C)(C)C2O,0
2634,6810,CN1CCN(C(c2ccccc2)c2ccccc2)CC1,0
2637,6815,Fc1ccc(Br)cc1,0
2638,6816,N#C[S-],0
2639,6817,c1c[nH]cn1,0
2641,6819,CCC[N+](CCC)(CCC)CCC,0
2642,6820,O=C(OCCOCCOCCOC(=O)c1ccccc1)c1ccccc1,0
2643,6821,C=C(C)C1CC=C(C)CC1,1
2644,6825,NC(=O)N1c2ccccc2C=Cc2ccccc21,1
2645,6826,CCOC(=O)n1ccn(C)c1=S,0
2647,6832,O=C(C1CCCCC1)N1CC(=O)N2CCc3ccccc3C2C1,1
2648,6833,CCCCCCCC=O,0
2649,6834,CCCCCCCCCCCCCCCCCC(=O)O,1
2650,6835,CCCCCCCCC(=O)O,0
2651,6836,O=C(O)CCCCCCCC(=O)O,1
2653,6840,Cl/C(=C\n1cncn1)c1ccc(Cl)cc1Cl,1
2654,6844,Nc1ccc(C(=O)NCC(=O)O)cc1,0
2655,6847,CCCCOC(=O)[C@@H](C)Oc1ccc(Oc2ccc(C#N)cc2F)cc1,0
2656,6848,Cc1cccc(C)c1NC(=O)CN1CCCC1=O,0
2658,6858,Nc1nnnn1-c1ccccc1,0
2660,6862,CC(C)(C)C(=O)OCOC(=O)[C@@H]1N2C(=O)[C@@H](NC(=O)[C@H](N)c3ccccc3)[C@H]2SC1(C)C,0
2662,6866,CC(=O)Oc1cccc(O)c1,0
2663,6869,Cc1c(NC(C)C)c(=O)n(-c2ccccc2)n1C,0
2665,6880,CCCCCC,0
2666,6881,CCCCCC(C)=O,1
2667,6883,CC(=O)CCC(C)C,0
2668,6885,O=C([O-])CN(CCN(CC(=O)[O-])CC(=O)[O-])CC(=O)[O-].[Fe+3],1
2669,6887,C=CC(=O)NC(C)(C)CS(=O)(=O)O,1
2671,6896,O=C1c2ccccc2C(=O)C1c1nc2ccccc2c(Br)c1O,1
2672,6898,CC(=O)OCCc1ccccc1,0
2673,6900,CC(C)N1C(=O)c2ccccc2C1=O,0
2675,6905,COc1ccc(O)c(C(C)(C)C)c1,1
2676,6906,Cc1cc(C(C)(C)C)c(O)c(C(C)(C)C)c1,1
2678,6909,O=C(O)Cc1ccc(Cl)cc1Cl,0
2679,6910,OCc1ccc(Cl)cc1Cl,0
2681,6914,C[N+](C)(C)CC1CO1,0
2682,6915,CCC1(C)NC(=O)NC1=O,0
2683,6917,CCCCCCCCCCCCn1cc[n+](C)c1,0
2687,6926,CC(=O)OCC(COC(C)=O)OC(C)=O,1
2688,6927,CCCCC(CC)COC(C)=O,1
2689,6928,CCCCC(CC)COC(=O)CCCCCCCC(=O)OCC(CC)CCCC,0
2690,6930,CC(COc1ccccc1)NC(C)C(O)c1ccc(O)cc1,0
2692,6934,CC1CCC2CC1C2(C)C,1
2693,6936,Cc1ccc(O)c([N+](=O)[O-])c1,0
2694,6937,O=C(OCCOCCOC(=O)c1ccccc1)c1ccccc1,0
2695,6941,CC(=O)CC(=O)Nc1ccccc1C,0
2696,6944,COCC(=O)O,0
2697,6951,NC(=O)CC[C@@H](N)C(=O)O,0
2698,6953,CC(C)C[C@@H](N)C(=O)O,0
2700,6961,CCCCS(=O)(=O)Cl,0
2701,6963,CCCCC(CC)C(=O)[O-].CCCCC(CC)C(=O)[O-].[Ba+2],1
2702,6964,NC(N)=S,1
2704,6968,Cc1cc(Cl)ccc1OC(C)C(=O)O,0
2705,6970,O=C=Nc1ccc(Cc2ccc(N=C=O)cc2)cc1,0
2706,6971,CCC1(c2ccccc2)C(=O)NC(=O)NC1=O,0
2707,6972,CCC1(c2ccccc2)C(=O)N=C([O-])NC1=O,0
2708,6975,c1ccc2c(c1)Nc1ccccc1S2,1
2709,6977,Oc1ccccc1,0
2711,6980,CN(C)N=Nc1ccccc1,0
2712,6982,CC(=O)OC(C)OC(C)=O,0
2713,6985,CC(C)Cc1ccccc1,0
2714,6986,CCOC(=O)Cl,0
2715,6987,C[Si]1(C)O[Si](C)(C)O[Si](C)(C)O[Si](C)(C)O[Si](C)(C)O1,0
2716,6988,C[Si]1(C)O[Si](C)(C)O[Si](C)(C)O1,0
2717,6990,CCOC(=O)[C@H](CCc1ccccc1)N[C@@H](C)C(=O)N1Cc2cc(OC)c(OC)cc2C[C@H]1C(=O)O,1
2718,6992,O=C(O)COCCN1CCN(C(c2ccccc2)c2ccc(Cl)cc2)CC1,1
2719,6993,Nc1ccncc1,0
2720,6995,COc1ccccc1N,1
2725,7014,O=C(O)c1ccccc1O,0
2726,7016,CCNS(=O)(=O)c1ccc(C)cc1,0
2728,7020,CCc1ccccc1O,0
2730,7033,CC[Ge](Cl)(CC)CC,1
2731,7034,CCN1C=CN(C)C1C,0
2732,7035,CCCC[N+]1(C)CCCCC1.O=S(=O)([O-])C(F)(F)F,1
2733,7036,O=Cc1cccc([N+](=O)[O-])c1,0
2735,7041,CCC[N+]1(C)CCCC1.O=S(=O)([O-])C(F)(F)F,0
2736,7047,Cc1cccc(O)c1,0
2737,7048,CSc1nnc(C(C)(C)C)c(=O)n1N,0
2738,7049,CCSC(=O)N1CCCCCC1,0
2743,7061,CCOCC(=O)O,0
2744,7062,CC(=O)C1(C)CC2=C(CCCC2(C)C)CC1C,1
2748,7079,CC(C)CCCCCCOC(=O)c1ccc(C(=O)OCCCCCCC(C)C)c(C(=O)OCCCCCCC(C)C)c1,0
2752,7096,COC(C)COC(C)COC(C)CO,1
2754,7098,CCCCC(CC)COC(=O)c1ccc(N(C)C)cc1,1
2757,7107,CCCCCCC=O,0
2759,7113,CC(C)[C@@H]1CC[C@@H](C)CC1=O,0
2760,7114,COc1ccc2c(c1OC)C(=O)O[C@H]2[C@@H]1c2cc3c(cc2CCN1C)OCO3,1
2761,7117,Cc1ncsc1CCO,0
2762,7118,c1ccc(Sc2ccccc2)cc1,1
2766,7123,O=C(Cl)c1ccc(C(=O)Cl)cc1,0
2767,7127,CC(C)CC(N(C)C)C1(c2ccc(Cl)cc2)CCC1,0
2768,7135,O=C(CCN1CC1)OCC(CO)(COC(=O)CCN1CC1)COC(=O)CCN1CC1,0
2770,7137,CCCCCCCCCCCCCC=O,1
2773,7141,O=C(O)C(Br)(Br)Br,1
2775,7147,N#CCCCCC#N,0
2776,7150,OCCNCCO,0
2777,7151,C=C(C)CNCC,1
2778,7152,CCCCC(CC)C(=O)OCCOCCOCCOCCOC(=O)C(CC)CCCC,1
2779,7155,CC[Si](OC(C)=O)(OC(C)=O)OC(C)=O,0
2781,7159,CCOc1ccc(NC(=O)CC(C)=O)cc1,1
2782,7162,CCN(CC)C(=O)N(CC)CC,0
2783,7165,CC(=O)Nc1c(I)c(NC(C)=O)c(I)c(C(=O)O)c1I,0
2786,7180,CCCCCCCCCCl,1
2787,7182,CCCC[n+]1cccc(C)c1,1
2788,7184,CC(C)(C)C(O)C(Oc1ccc(Cl)cc1)n1cncn1,1
2789,7188,CCCCCCCCCCCCOCC1CO1,0
2790,7189,CCCCCCCCCCCCCl,1
2791,7192,C=Cc1c(C)c2cc3[nH]c(cc4nc(cc5[nH]c(cc1n2)c(C)c5CCC(=O)[O-])c(CCC(=O)[O-])c4C)c(C)c3C=C,1
2794,7197,C=CC(C)(CCC=C(C)C)OC(C)=O,0
2798,7210,Cc1cc(C)c(C)c(O)c1,1
2799,7212,CC(C)COC(=O)c1ccccc1O,0
2800,7213,CC(C)CCCCCCCOC(=O)c1ccc(C(=O)OCCCCCCCC(C)C)c(C(=O)OCCCCCCCC(C)C)c1,1
2802,7216,CCCCCCCCCCOC(C)=O,1
2803,7217,CC(=O)OCCC1CCCCC1,0
2804,7224,CN1C(C)(C)CCCC1(C)C,0
2805,7225,CC1=CCC(C(C)(C)O)CC1,0
2806,7226,CCN(Cc1cccc(S(=O)(=O)O)c1)c1ccccc1,0
2809,7233,Brc1nc2ccccc2s1,1
2810,7234,CCC(C)Br,0
2811,7235,N#CCc1ccccc1,0
2812,7236,O=C(O)c1ccc(CO)o1,0
2813,7238,N#CCBr,0
2814,7243,O=S(=O)(O)F,0
2815,7247,O=C(Cl)/C=C/C(=O)Cl,1
2816,7248,Cc1nc2n(c(=O)c1CCN1CCC(c3noc4cc(F)ccc34)CC1)CCC[C@H]2O,0
2817,7256,CCCCCCCCOC(C)=O,0
2819,7260,O=C(O)CCCC[C@@H]1SC[C@@H]2NC(=O)N[C@H]12,0
2820,7262,CC(C[N+](C)(C)C)OC(N)=O,0
2821,7263,CC(C)NCC(O)COc1ccc(CCOCC2CC2)cc1,0
2822,7267,CCCCCc1ccc(Cl)cc1,0
2823,7269,COC(=O)c1ccccc1C,0
2824,7271,O=C(Oc1ccccc1)c1ccccc1,0
2825,7272,CCOC(=O)c1ccc(C)cc1,0
2827,7277,Cc1cccc(C)c1N,0
2828,7283,FC(F)(F)C(Cl)Br,0
2831,7301,CCN(CC)CCc1nc(-c2ccccc2)no1.O=C(O)CC(O)(CC(=O)O)C(=O)O,1
2833,7306,CN1[C@H]2C[C@H](OC(=O)[C@H](CO)c3ccccc3)C[C@@H]1[C@H]1O[C@@H]21,0
2834,7308,CC(O)CCO,1
2838,7313,CC(=O)C1CCCCC1=O,0
2839,7315,CCCC[n+]1cccc(C)c1.O=S(=O)([O-])C(F)(F)F,1
2840,7316,CCCCN1C=CN(C)C1,0
2841,7317,CCCN1C=CN(C)C1,0
2842,7318,CC1(C(=O)Nc2ccc(O)c(Cl)c2Cl)CCCCC1,1
2844,7320,CCCC[N+]1(C)CCCCC1.F[B-](F)(F)F,0
2845,7321,N=C(N)N[N+](=O)[O-],0
2847,7331,CCOC(=O)NNc1nncc2ccccc12,0
2848,7336,OC1CCCCCCCCCCC1,1
2850,7339,COC(=O)c1ccc(C(=O)O)cc1,0
2851,7340,CN(C)CCOCCO,0
2853,7343,Nc1ccc(S(=O)(=O)NCc2ccccc2)cc1,0
2854,7348,C[N+](C)(C)CCOC(=O)C(O)(c1ccccc1)c1ccccc1,0
2855,7350,FC(F)(F)C(F)(F)C(F)(F)C(F)(F)CCI,1
2856,7351,CC/C=C\CCOC(=O)CC,0
2857,7352,CO[PH](=O)OC,0
2858,7353,C=CC(C)(CCC=C(C)C)OC(=O)CC,0
2862,7359,CCOC(=O)CC([O-])C(=O)OCC,0
2863,7360,c1ccc(CCc2ccccc2)cc1,0
2866,7364,C/C=C(/C)C#N,0
2867,7365,C=CC(=O)OCC[N+](C)(C)C,1
2868,7366,O=C(C=Cc1ccccc1)OCc1ccccc1,1
2869,7367,N#Cc1ccccc1O,1
2870,7371,CCCCC(CC)COC(=O)COc1ccc(Cl)cc1C,0
2871,7373,CN(C)CC[C@@H](c1ccc(Br)cc1)c1ccccn1,0
2873,7380,CCCCCC(CO)CCC,0
2874,7381,Cc1cccc2[nH]nnc12,0
2875,7382,CCCCCCCCCCCC(=O)OC[C@@H](O)[C@H]1OC[C@H](OCCO)[C@H]1OCCO,1
2877,7386,O=c1nc([O-])n(Cl)c(=O)n1Cl,0
2878,7387,O=C(NCO)NCO,0
2882,7393,Nc1cc(=O)nc(N)[nH]1,0
2884,7396,CC(C)(Cl)Cl,0
2885,7411,Nc1cccc(Cl)c1,0
2887,7418,CC(=O)Nc1ccccc1O,1
2888,7419,CCCc1cc(C(N)=S)ccn1,0
2889,7420,CC(=O)Nc1cccc(O)c1,0
2890,7422,CN(C)C,0
2891,7423,C=CCCC#N,0
2892,7425,CCCCOC(=O)CC,0
2893,7426,CC1=CCC(=C(C)C)CC1,1
2896,7430,NC1=NC(=O)C(c2ccccc2)O1,0
2897,7435,CCCCCCCCCCC=O,1
2900,7441,CCCCCCCC(=O)N(C)C,0
2901,7442,CCC(C)c1ccccc1O,1
2903,7445,CC[C@H](C)C(=O)O[C@H]1C[C@@H](C)C=C2C=C[C@H](C)[C@H](CC[C@@H]3C[C@@H](O)CC(=O)O3)[C@H]21,1
2904,7447,CN(C)c1ccc(O)c2c1C[C@H]1C[C@H]3[C@H](N(C)C)C(O)=C(C(N)=O)C(=O)[C@@]3(O)C(O)=C1C2=O,1
2905,7449,CC1=CC(C)C(C=O)C(C)C1,0
2906,7450,O=S(=O)([O-])c1ccc2cc(O)c(S(=O)(=O)[O-])cc2c1,0
2907,7460,OCCOc1ccccc1,0
2912,7471,Cc1c([N+](=O)[O-])cccc1[N+](=O)[O-],0
2913,7472,Cc1ccc([N+](=O)[O-])cc1[N+](=O)[O-],0
2914,7473,CC1=C(C(=O)O)N2C(=O)[C@@H](NC(=O)[C@H](N)C3=CCC=CC3)[C@H]2SC1,0
2915,7474,CCCCC(CC)COC(=O)COc1cc(Cl)c(Cl)cc1Cl,0
2916,7475,CCCCOCCOC(=O)COc1cc(Cl)c(Cl)cc1Cl,0
2917,7476,O=C(O)c1cccnc1C(=O)O,0
2918,7477,CC(O)C(C)O,0
2919,7478,CCCC[N+]1(C)CCCC1.F[B-](F)(F)F,0
2920,7480,CCOS(=O)(=O)[O-].CCn1cc[n+](C)c1,0
2923,7485,CC[n+]1ccccc1.F[B-](F)(F)F,0
2924,7487,O=C(Nc1ccc(F)cc1F)c1cccnc1Oc1cccc(C(F)(F)F)c1,1
2925,7488,OCC=Cc1ccccc1,1
2926,7489,C/C=C(\C)C(C)=O,0
2927,7490,CCCC(CC)c1ccccc1,0
2932,7506,CC(=O)Oc1ccc(C)cc1,0
2934,7511,CC(O)C(=O)O,1
2935,7513,O=C(O)c1cc(C(=O)O)cc([N+](=O)[O-])c1,0
2936,7521,CC(=O)c1sc(C)nc1C,0
2937,7522,CCC(=O)C(=O)CC,0
2938,7525,CN[C@@H](C)[C@H](O)c1ccccc1,1
2939,7528,CC(C)NC(=O)N1CC(=O)N(c2cc(Cl)cc(Cl)c2)C1=O,1
2940,7531,ClC=CCCl,0
2941,7532,NCCS(=O)(=O)O,1
2943,7535,CC(C)C(=O)OCC(C)(C)C(OC(=O)C(C)C)C(C)C,1
2944,7536,CC(=O)CC(c1ccccc1)c1c([O-])c2ccccc2oc1=O,1
2945,7542,ClC1C(Cl)C(Cl)C(Cl)C(Cl)C1Cl,1
2946,7547,CCOP(O)OCC,0
2948,7555,FC(Cl)(Cl)C(F)(Cl)Cl,0
2950,7560,C1COCCN1,0
2951,7561,CCCCC(CC)COC(=O)c1ccccc1C(=O)O,1
2952,7564,COc1ccc(NC(C)=O)cc1,1
2954,7572,CC(C)NCC(O)COc1ccc(COCCOC(C)C)cc1.CC(C)NCC(O)COc1ccc(COCCOC(C)C)cc1,0
2955,7576,N#C[Fe-2](C#N)(C#N)(C#N)(C#N)N=O,1
2956,7580,CCCCCCCC1CCC(=O)O1,0
2958,7586,Cc1cc(=O)[nH]o1,0
2960,7592,CC1(C)[C@@H](OC(=O)CCC(=O)[O-])CC[C@@]2(C)[C@H]1CC[C@]1(C)[C@@H]2C(=O)C=C2[C@@H]3C[C@@](C)(C(=O)[O-])CC[C@]3(C)CC[C@]21C,1
2961,7601,CCCCCCCCCCC(CO)CCCCCCCC,0
2962,7603,CC(C)(C)c1cccc(C(C)(C)C)c1O,1
2963,7605,OC1OC[C@@H](O)[C@H](O)[C@H]1O,0
2964,7607,Nc1ccn([C@H]2CC[C@@H](CO)O2)c(=O)n1,0
2965,7608,N[C@@H](Cc1cc(I)c(Oc2ccc(O)c(I)c2)c(I)c1)C(=O)O,1
2966,7612,CC(=O)N[C@@H]1[C@@H](NC(=N)N)C=C(C(=O)O)O[C@H]1[C@H](O)[C@H](O)CO,0
2968,7616,O=C(O)c1c(Cl)cccc1Cl,0
2969,7624,C=CC(=O)NCOCCCC,1
2970,7625,CCCCCCCCOc1ccc(C(=O)c2ccccc2)c(O)c1,1
2971,7630,COc1nccnc1NS(=O)(=O)c1ccc(N)cc1,0
2972,7634,CCCCCCCCCBr,0
2973,7635,CC[N+]1(C)CCCC1,0
2975,7638,O=S(=O)(Cl)c1c(Cl)cccc1Cl,0
2976,7639,CCCC[n+]1ccc(C)cc1,1
2977,7640,CCCCCCOC(=O)CCCCC,0
2979,7644,CC/C=C\CCOC(=O)c1ccccc1,0
2981,7646,CCCCCCOC(=O)CCC,0
2982,7655,CC(C)(C)NCC(O)c1cc(Cl)c(N)c(C(F)(F)F)c1,0
2983,7656,C[C@]12CC[C@H]3[C@@H](CCC4=C(O)C(=O)CC[C@@]43C)[C@@H]1CCC2=O,1
2984,7665,CN(C)C(=O)Nc1cccc(OC(=O)NC(C)(C)C)c1,1
2985,7666,Cl[Sn](Cl)(Cl)Cl,0
2986,7667,NCc1ccc(S(N)(=O)=O)cc1,0
2988,7670,O=[Si]=O,0
2990,7672,Cc1ccc(S(=O)(=O)[N-]Cl)cc1,0
2991,7673,[O-]c1ccccc1-c1ccccc1,1
2992,7675,O=[N+]([O-])c1cc([N+](=O)[O-])c2ccc(S(=O)(=O)O)cc2c1O,0
2993,7679,CCCCOC(=O)[C@H](C)O,0
2995,7683,OC[C@H]1O[C@H](O[C@]2(CCl)O[C@H](CCl)[C@@H](O)[C@@H]2O)[C@H](O)[C@@H](O)[C@H]1Cl,0
2997,7693,CCCCOCCOCCO,0
2998,7695,O=C(O)/C=C\C(=O)O,0
3000,7697,CCCC(=O)O,0
3001,7698,CCCC=O,0
3003,7702,c1cc(-c2ccncc2)ccn1,0
3005,7704,CN=C=S,0
3008,7708,CC(C)=CCl,1
3009,7715,CC(NC(C)(C)C)C(=O)c1cccc(Cl)c1,0
3010,7727,COc1cc(OC)cc(OC)c1,0
3011,7728,CCC(=O)C(CC(C)N(C)C)(c1ccccc1)c1ccccc1,0
3013,7730,CN(C)CCO,1
3014,7731,CN(C)c1ccccc1,0
3015,7732,C[As](C)(=O)O,1
3016,7733,CC1(C)C(=O)NC(=O)NC1=O,0
3017,7734,O=C(c1ccc(O)cc1O)c1ccc(O)cc1O,1
3020,7741,CC(=O)OC(C)OC(=O)C(C)c1ccc(-c2ccccc2)c(F)c1,0
3021,7744,CCN(CC)CCNC(=O)c1cc(S(C)(=O)=O)ccc1OC,0
3022,7745,FC(F)(F)c1ccccc1-n1ccnc1,1
3023,7755,CN(C)CCc1ccc(O)cc1,0
3024,7757,c1cc2c(c(N3CCNCC3)c1)OCCO2,0
3026,7770,C=CCN1CCc2nc(N)sc2CC1,0
3027,7776,CCCOC(=O)NCCCN(C)C,0
3028,7778,CC1=CC(=O)CCC1,0
3029,7780,O=C=NC1CCC(CC2CCC(N=C=O)CC2)CC1,0
3033,7787,C=C(C)C#N,0
3034,7788,COP(N)(=O)SC,0
3036,7790,COCC(=O)N(c1c(C)cccc1C)C(C)C(=O)OC,0
3037,7791,C[N+]1(C)CCCCC1,0
3038,7795,Nc1c(Cl)c(Cl)c(Cl)c(Cl)c1Cl,1
3039,7798,C[C@]12CC(=O)[C@H]3[C@@H](CCC4=CC(=O)C=C[C@@]43C)[C@@H]1CC[C@]2(O)C(=O)CO,1
3041,7800,CCCN(CCC)S(=O)(=O)c1ccc(C(=O)O)cc1,1
3042,7803,C=C(C)[C@@H]1CCC2=CC(=O)C[C@@H](C)[C@]2(C)C1,1
3044,7805,CCCCCCCCCCCCN(CCCCCCCCCCCC)CCCCCCCCCCCC,0
3045,7810,C=C(C)C(=O)OCCCCCCCCCCOC(=O)C(=C)C,0
3046,7811,CCC(=O)OCc1ccccc1,0
3047,7814,C=CCOCC(CC)(CO)COCC=C,0
3048,7815,NS(=O)(=O)c1ccccc1Cl,0
3049,7817,CC(C)(C)C1CCCCC1O,0
3050,7818,CC(C)CP(=S)([S-])CC(C)C,1
3052,7825,CN(C)C(=O)Nc1ccc(Cl)cc1,0
3053,7826,Cc1ccc(S(=O)(=O)N=C=O)cc1,0
3055,7830,O=C1NCC2(CCN(CCc3ccccc3)CC2)O1,1
3056,7836,Cc1cn[nH]c1,0
3058,7842,Cc1ccc(C)c(O)c1C,0
3059,7844,CC(C)[C@@H]1CC[C@@H](C)C[C@H]1O,0
3060,7847,C#CCOC(=O)[C@@H](C)Oc1ccc(Oc2ncc(Cl)cc2F)cc1,0
3062,7856,C[C@@]12CCC[C@H]1[C@@H]1CC[C@H]3C[C@@H](O)CC[C@]3(C)[C@H]1CC2,1
3063,7857,CC(=O)SC[C@@H](Cc1ccccc1)C(=O)NCC(=O)OCc1ccccc1,0
3064,7858,CCCN1CCC[C@@H]2Cc3n[nH]cc3C[C@H]21,1
3065,7863,O=C1NC(=O)[C@@]2(CCOc3ccc(F)cc32)N1,0
3067,7867,CCCCCCCCCCCCOS(=O)(=O)O.OCCN(CCO)CCO,0
3069,7869,c1ccc2c(c1)c1cccc3ccc4cccc2c4c31,1
3071,7873,CCCCCCCCCC,1
3073,7876,CC(=O)CC(C)(C)O,0
3075,7883,NC(=O)Nc1ccc(Cl)cc1,0
3078,7889,COc1ccc(CCO)cc1,0
3081,7904,CCC(=O)OCCOc1ccccc1,0
3083,7920,CCCCCCCCCC(=O)OC,0
3087,7941,CC(=O)OCC1=C(C(=O)O)N2C(=O)[C@@H](N)[C@H]2SC1,0
3090,7945,NC(N)=O.OO,0
3091,7946,CCCCCCCC(=O)Cl,0
3092,7947,CCCCCOC(C)=O,1
3093,7948,c1ccncc1,0
3095,7950,CCCCCCCCCCCCC,0
3096,7953,CCCCCCCCCCCCCCC,0
3097,7954,CSc1ccc(Cl)cc1,0
3099,7957,CS(=O)(=O)c1ccc(Cl)cc1,0
3100,7964,C=CCOCC(CO)(COCC=C)COCC=C,0
3102,7968,O=C1CN(N=Cc2ccc(-c3ccc([N+](=O)[O-])cc3)o2)C(=O)[N-]1,1
3103,7975,O=C(c1ccccc1)c1ccccc1O,1
3104,7987,Clc1ccccc1,0
3105,7990,CCC1CO1,1
3106,7991,Cc1nccn1CC1CCc2c(c3ccccc3n2C)C1=O,0
3107,7992,FC(F)OC(F)(F)C(F)Cl,0
3108,7996,ClCC1CO1,0
3110,8011,C[C@]12CC[C@H]3[C@@H](CCC4=CC(=O)CC[C@@]43C)[C@@H]1CC[C@@H]2O,1
